,0,1,Score,19,2,3,4,5,6,7,8,9,10,11,12,13,14,15,16,17,18
0,-4.237457275,3.766987801,1,0,1,0,0,0,0,0,0,0,0,1,0,0,0,0,0,0,0
1,-1.410241246,0.708828032,2,0,0,1,0,0,0,0,0,0,0,0,0,0,0,0,0,1,0
2,3.237119675,-3.037528515,4,1,0,1,0,0,0,0,0,0,0,0,0,0,0,0,0,1,0
3,-2.340488434,3.969966173,4,1,0,0,0,0,0,0,1,0,0,0,0,1,0,0,0,0,0
4,-5.664031982,7.176612854,0,0,1,0,0,0,0,0,0,0,0,1,0,0,0,0,0,0,0
5,-1.693876505,1.936863303,0,0,1,0,0,0,0,0,0,0,0,1,0,0,0,0,0,0,0
6,-0.201904997,0.499090731,0,0,1,0,0,0,0,0,0,0,0,1,0,0,0,0,0,0,0
7,-1.765740395,0.9779405,0,0,0,1,0,0,0,0,0,0,0,1,0,0,0,0,0,0,0
8,2.734827757,0.698486328,0,0,1,0,0,0,0,0,0,0,0,1,0,0,0,0,0,0,0
9,-3.226580381,3.042239189,0,0,0,1,0,0,0,0,0,0,0,0,0,0,1,0,0,0,0
10,0.843911469,0.312012494,0,0,0,1,0,0,0,0,0,0,0,0,0,0,1,0,0,0,0
11,-2.493800163,3.108827829,2,0,0,0,0,0,1,0,0,0,0,0,0,0,0,0,1,0,0
12,-6.155538082,7.044130325,3,0,0,1,0,0,0,0,0,0,0,0,0,0,0,0,1,0,0
13,-1.67698729,3.390382528,0,0,1,0,0,0,0,0,0,0,0,0,0,0,1,0,0,0,0
14,-1.833837509,4.552308559,2,0,1,0,0,0,0,0,0,0,0,0,0,0,0,0,1,0,0
15,-4.247757912,5.162733555,4,1,1,0,0,0,0,0,0,0,0,0,0,0,0,0,1,0,0
16,-4.116253853,3.293859959,0,0,1,0,0,0,0,0,0,0,0,1,0,0,0,0,0,0,0
17,-2.41203618,3.292836189,0,0,1,0,0,0,0,0,0,0,0,1,0,0,0,0,0,0,0
18,-1.345344067,-0.927913845,4,1,0,0,0,0,0,0,1,0,0,0,0,0,0,0,1,0,0
19,-3.565980911,3.163532734,3,1,0,0,0,0,0,0,1,0,0,0,0,0,0,1,0,0,0
20,-1.191170573,3.93020463,0,0,1,0,0,0,0,0,0,0,0,1,0,0,0,0,0,0,0
21,-2.818840027,-0.987529457,0,0,0,1,0,0,0,0,0,0,0,1,0,0,0,0,0,0,0
22,-1.073387027,1.604648352,0,0,1,0,0,0,0,0,0,0,0,1,0,0,0,0,0,0,0
23,-0.682021618,1.174353361,0,0,0,1,0,0,0,0,0,0,0,1,0,0,0,0,0,0,0
24,-1.75619483,1.164233208,0,0,0,1,0,0,0,0,0,0,0,1,0,0,0,0,0,0,0
25,0.400554568,-1.520482779,3,0,0,0,0,0,0,0,1,0,0,0,0,0,0,1,0,0,0
26,2.647836924,-4.773406506,2,0,0,1,0,0,0,0,0,0,0,0,0,0,1,0,0,0,0
27,1.533630252,-2.042865515,2,0,0,1,0,0,0,0,0,0,0,1,0,0,0,0,0,0,0
28,-2.67314291,0.610860527,0,0,0,1,0,0,0,0,0,0,0,1,0,0,0,0,0,0,0
29,-1.120705485,-0.433633327,0,0,0,1,0,0,0,0,0,0,0,1,0,0,0,0,0,0,0
30,-6.790162086,6.229859829,3,1,0,0,0,0,0,0,0,1,0,0,0,0,0,1,0,0,0
31,-5.882169724,5.263819695,3,1,0,0,0,0,0,0,1,0,0,0,0,0,0,1,0,0,0
32,-2.04620266,1.801116824,1,0,1,0,0,0,0,0,0,0,0,0,0,0,1,0,0,0,0
33,0.119913295,-1.255700588,0,0,1,0,0,0,0,0,0,0,0,1,0,0,0,0,0,0,0
34,-1.796367884,0.435362577,2,0,1,0,0,0,0,0,0,0,0,0,0,0,0,0,1,0,0
35,-2.581872463,1.819417477,3,1,1,0,0,0,0,0,0,0,0,0,0,0,0,0,1,0,0
36,-2.00186348,2.985276461,0,0,0,1,0,0,0,0,0,0,0,0,0,0,0,0,1,0,0
37,-0.617685139,0.35988304,2,0,0,0,0,0,1,0,0,0,0,0,0,0,0,0,1,0,0
38,2.450462103,-1.57730031,0,0,0,1,0,0,0,0,0,0,0,0,0,0,0,0,1,0,0
39,1.701073289,-2.204649448,0,0,0,1,0,0,0,0,0,0,0,0,0,0,0,0,1,0,0
40,-2.760835886,1.935931683,0,0,1,0,0,0,0,0,0,0,0,0,0,0,0,0,1,0,0
41,-8.189234734,7.828537941,4,1,0,0,0,0,0,0,1,0,0,0,0,0,0,1,0,0,0
42,-3.81218338,5.529283047,3,1,0,0,0,0,0,0,1,0,0,0,0,0,0,0,1,0,0
43,-5.449943066,3.756610155,2,1,0,0,0,0,0,0,1,0,0,0,0,0,0,1,0,0,0
44,-4.120349407,2.85743475,4,1,0,0,0,0,0,0,1,0,0,0,0,0,0,1,0,0,0
45,-0.59676975,0.776916564,3,1,0,0,0,0,0,0,0,0,1,1,0,0,0,0,0,0,0
46,0.121926814,0.021686317,2,0,0,0,0,0,0,0,0,0,1,1,0,0,0,0,0,0,0
47,-5.270793915,5.569989204,2,0,0,0,0,0,0,0,0,0,1,1,0,0,0,0,0,0,0
48,-1.682878971,1.626142502,3,1,0,0,0,0,0,0,0,0,1,1,0,0,0,0,0,0,0
49,-0.357237518,-0.776560664,0,0,0,1,0,0,0,0,0,0,0,1,0,0,0,0,0,0,0
50,0.453894645,-2.53272438,0,0,0,1,0,0,0,0,0,0,0,1,0,0,0,0,0,0,0
51,0.509221256,1.705634713,0,0,0,1,0,0,0,0,0,0,0,1,0,0,0,0,0,0,0
52,-1.76711452,1.115490675,0,0,1,0,0,0,0,0,0,0,0,1,0,0,0,0,0,0,0
53,-1.802266955,0.398646384,0,0,1,0,0,0,0,0,0,0,0,1,0,0,0,0,0,0,0
54,-7.854215145,7.037283421,0,0,0,1,0,0,0,0,0,0,0,1,0,0,0,0,0,0,0
55,-0.07389456,1.090779424,0,0,0,1,0,0,0,0,0,0,0,0,0,1,0,0,0,0,0
56,-3.252439737,4.379060745,2,1,0,0,0,0,1,0,0,0,0,0,0,0,1,0,0,0,0
57,-2.383496046,2.680736303,0,0,0,1,0,0,0,0,0,0,0,1,0,0,0,0,0,0,0
58,-0.363231778,1.220901132,3,1,1,0,0,0,0,0,0,0,0,1,0,0,0,0,0,0,0
59,-0.411199659,5.734210968,2,1,0,1,0,0,0,0,0,0,0,1,0,0,0,0,0,0,0
60,-1.698407292,1.748843551,2,1,0,1,0,0,0,0,0,0,0,1,0,0,0,0,0,0,0
61,-0.07245861,2.464318991,0,0,0,1,0,0,0,0,0,0,0,0,0,1,0,0,0,0,0
62,0.885833859,-0.593216717,0,0,1,0,0,0,0,0,0,0,0,1,0,0,0,0,0,0,0
63,-1.643206716,4.977667809,0,0,1,0,0,0,0,0,0,0,0,0,0,0,1,0,0,0,0
64,-3.87096405,4.313665867,0,0,0,1,0,0,0,0,0,0,0,0,0,1,0,0,0,0,0
65,2.558236361,-1.527345896,3,1,0,1,0,0,0,0,0,0,0,1,0,0,0,0,0,0,0
66,-1.185344934,0.105225205,4,1,0,1,0,0,0,0,0,0,0,1,0,0,0,0,0,0,0
67,-1.746325135,1.655545354,0,0,0,1,0,0,0,0,0,0,0,1,0,0,0,0,0,0,0
68,-3.911931753,3.761109591,0,0,0,1,0,0,0,0,0,0,0,1,0,0,0,0,0,0,0
69,1.265395284,-0.299152374,0,0,0,1,0,0,0,0,0,0,0,1,0,0,0,0,0,0,0
70,1.536985397,-2.880156279,2,0,0,1,0,0,0,0,0,0,0,1,0,0,0,0,0,0,0
71,-3.852372646,0.446525604,0,0,0,1,0,0,0,0,0,0,0,1,0,0,0,0,0,0,0
72,-4.742886066,5.127353668,1,0,0,0,0,0,0,0,1,0,0,0,0,0,1,0,0,0,0
73,-2.791538239,3.608599901,4,1,0,0,0,0,0,0,1,0,0,0,1,0,0,0,0,0,0
74,1.013620019,-0.678942144,4,1,0,0,0,0,0,0,1,0,0,0,1,0,0,0,0,0,0
75,-0.433459103,1.15362668,4,1,0,0,0,0,0,0,1,0,0,0,1,0,0,0,0,0,0
76,0.754128218,-0.199336722,2,1,0,1,0,0,0,0,0,0,0,1,0,0,0,0,0,0,0
77,-1.225963116,1.42030251,0,0,1,0,0,0,0,0,0,0,0,1,0,0,0,0,0,0,0
78,-3.812198162,1.465860605,0,0,1,0,0,0,0,0,0,0,0,1,0,0,0,0,0,0,0
79,0.637859166,-3.237811327,2,0,1,0,0,0,0,0,0,0,0,1,0,0,0,0,0,0,0
80,0.125933766,-1.473831177,1,0,1,0,0,0,0,0,0,0,0,1,0,0,0,0,0,0,0
81,2.951187611,-2.374157429,3,1,0,1,0,0,0,0,0,0,0,1,0,0,0,0,0,0,0
82,0.624242008,-1.919673324,3,1,0,0,0,0,0,0,1,0,0,1,0,0,0,0,0,0,0
83,-5.011978626,4.972682476,2,1,0,0,0,0,0,0,1,0,0,1,0,0,0,0,0,0,0
84,-2.001547813,0.725103319,0,0,0,0,0,0,0,0,1,0,0,1,0,0,0,0,0,0,0
85,-2.393053532,3.139073133,1,0,1,0,0,0,0,0,0,0,0,0,0,1,0,0,0,0,0
86,-1.109131932,-0.278056741,0,0,0,1,0,0,0,0,0,0,0,1,0,0,0,0,0,0,0
87,0.115894988,-3.154261351,2,1,0,1,0,0,0,0,0,0,0,1,0,0,0,0,0,0,0
88,-1.588854909,1.34301424,3,1,1,0,0,0,0,0,0,0,0,0,0,1,0,0,0,0,0
89,-4.1737957,3.380541086,2,1,0,1,0,0,0,0,0,0,0,0,0,1,0,0,0,0,0
90,-2.227426767,0.104447424,0,0,1,0,0,0,0,0,0,0,0,0,0,1,0,0,0,0,0
91,-0.184207052,0.071606062,4,1,0,1,0,0,0,0,0,0,0,0,0,1,0,0,0,0,0
92,2.53787899,-2.251064301,2,0,0,1,0,0,0,0,0,0,0,1,0,0,0,0,0,0,0
93,2.163990021,-3.602403164,3,0,0,1,0,0,0,0,0,0,0,1,0,0,0,0,0,0,0
94,4.48909235,-3.136391878,2,0,0,1,0,0,0,0,0,0,0,1,0,0,0,0,0,0,0
95,0.251373231,-0.29775399,2,0,0,1,0,0,0,0,0,0,0,1,0,0,0,0,0,0,0
96,1.168448448,0.335324526,3,1,0,1,0,0,0,0,0,0,0,0,0,0,0,0,0,1,0
97,2.078066349,0.28498888,3,1,1,0,0,0,0,0,0,0,0,0,0,0,0,0,0,1,0
98,0.274706751,-1.466009378,0,0,0,1,0,0,0,0,0,0,0,1,0,0,0,0,0,0,0
99,0.18056424,1.469010353,3,0,0,1,0,0,0,0,0,0,0,0,0,0,0,0,0,1,0
100,-4.108236313,5.078448296,4,1,0,0,0,0,0,0,1,0,0,0,0,0,0,0,0,1,0
101,6.929610729,-2.30102396,3,1,0,1,0,0,0,0,0,0,0,0,0,0,0,0,0,1,0
102,-1.084562182,0.869076014,0,0,1,0,0,0,0,0,0,0,0,0,0,0,0,0,0,1,0
103,-2.38866353,2.360216141,3,0,1,0,0,0,0,0,0,0,0,1,0,0,0,0,0,0,0
104,-1.450973988,-0.849129081,3,1,0,1,0,0,0,0,0,0,0,0,0,0,0,0,0,1,0
105,1.256071091,2.3776896,2,1,0,0,0,0,0,0,1,0,0,1,0,0,0,0,0,0,0
106,-1.698043227,4.038309097,2,1,0,0,0,0,0,0,1,0,0,0,0,1,0,0,0,0,0
107,3.249179602,-0.398366719,0,0,0,0,0,0,0,0,0,0,0,1,0,0,0,0,0,0,0
108,2.283397675,-1.494802237,2,1,1,0,0,0,0,0,0,0,0,1,0,0,0,0,0,0,0
109,-1.675892711,3.370009422,0,0,1,0,0,0,0,0,0,0,0,1,0,0,0,0,0,0,0
110,-1.167807698,2.05044961,1,0,1,0,0,0,0,0,0,0,0,1,0,0,0,0,0,0,0
111,-5.049674988,2.998812675,1,0,1,0,0,0,0,0,0,0,0,1,0,0,0,0,0,0,0
112,-3.91724968,4.265964508,0,0,1,0,0,0,0,0,0,0,0,1,0,0,0,0,0,0,0
113,0.047281895,3.967765331,0,0,0,1,0,0,0,0,0,0,0,1,0,0,0,0,0,0,0
114,0.228065491,2.16767621,1,0,0,1,0,0,0,0,0,0,0,1,0,0,0,0,0,0,0
115,-1.604199409,1.513921738,4,1,0,1,0,0,0,0,0,0,0,1,0,0,0,0,0,0,0
116,-1.188147783,2.928225994,4,1,0,1,0,0,0,0,0,0,0,0,0,0,1,0,0,0,0
117,2.587819576,-2.436219454,2,0,1,0,0,0,0,0,0,0,0,1,0,0,0,0,0,0,0
118,1.805149317,1.524436355,0,0,0,1,0,0,0,0,0,0,0,1,0,0,0,0,0,0,0
119,0.201212361,0.183090717,2,0,0,0,0,0,0,0,1,0,0,0,0,1,0,0,0,0,0
120,-1.775138617,6.705424309,3,1,0,0,0,0,0,0,1,0,0,0,0,1,0,0,0,0,0
121,-2.463145971,3.901626348,3,0,1,0,0,0,0,0,0,0,0,0,1,0,0,0,0,0,0
122,-1.131360531,2.218177795,0,0,1,0,0,0,0,0,0,0,0,0,0,0,0,0,0,1,0
123,5.62108326,-1.779776335,1,0,1,0,0,0,0,0,0,0,0,0,0,0,0,0,0,1,0
124,2.024944782,-1.699396491,0,0,1,0,0,0,0,0,0,0,0,0,0,0,0,0,0,1,0
125,3.726500034,1.439238191,0,0,1,0,0,0,0,0,0,0,0,1,0,0,0,0,0,0,0
126,0.65777117,1.79978323,3,1,0,1,0,0,0,0,0,0,0,1,0,0,0,0,0,0,0
127,0.294596881,0.176747471,2,1,0,1,0,0,0,0,0,0,0,1,0,0,0,0,0,0,0
128,-1.605130553,1.92480886,0,0,0,1,0,0,0,0,0,0,0,1,0,0,0,0,0,0,0
129,2.829543591,-3.152589321,3,1,0,1,0,0,0,0,0,0,0,0,0,1,0,0,0,0,0
130,2.477015495,-2.210779905,0,0,1,0,0,0,0,0,0,0,0,0,0,1,0,0,0,0,0
131,-0.329125315,-0.905589402,2,1,0,1,0,0,0,0,0,0,0,0,0,1,0,0,0,0,0
132,-2.802212715,0.352115005,0,0,1,0,0,0,0,0,0,0,0,0,0,1,0,0,0,0,0
133,0.374573737,1.135685086,0,0,0,1,0,0,0,0,0,0,0,0,0,1,0,0,0,0,0
134,-2.398714066,2.988115072,3,1,0,0,0,0,0,0,1,0,0,1,0,0,0,0,0,0,0
135,5.859784126,-2.764330149,3,1,0,1,0,0,0,0,0,0,0,1,0,0,0,0,0,0,0
136,1.626838326,0.249571025,2,0,1,0,0,0,0,0,0,0,0,0,0,1,0,0,0,0,0
137,0.904727936,-2.744782686,0,0,0,1,0,0,0,0,0,0,0,0,0,0,0,0,0,1,0
138,1.872049332,-1.234540343,4,1,0,0,0,0,0,0,1,0,0,0,0,0,0,0,1,0,0
139,-1.28364265,-0.716289282,1,0,0,1,0,0,0,0,0,0,0,0,0,0,1,0,0,0,0
140,-1.28364265,-0.716289282,2,0,1,0,0,0,0,0,0,0,0,0,0,0,1,0,0,0,0
141,3.281927347,-1.070091963,0,0,1,0,0,0,0,0,0,0,0,0,0,0,1,0,0,0,0
142,-3.299751759,2.642766714,0,0,1,0,0,0,0,0,0,0,0,1,0,0,0,0,0,0,0
143,-2.04121542,0.708996356,3,1,0,1,0,0,0,0,0,0,0,0,0,0,0,0,0,1,0
144,-2.783834219,2.960114956,2,0,1,0,0,0,0,0,0,0,0,1,0,0,0,0,0,0,0
145,1.386492252,-0.034009948,4,1,0,1,0,0,0,0,0,0,0,0,0,0,1,0,0,0,0
146,3.293979883,-1.134014606,0,0,0,1,0,0,0,0,0,0,0,0,0,0,1,0,0,0,0
147,0.699883163,0.28787902,0,0,1,0,0,0,0,0,0,0,0,1,0,0,0,0,0,0,0
148,3.287040472,-2.367817163,0,0,1,0,0,0,0,0,0,0,0,1,0,0,0,0,0,0,0
149,-0.837682664,0.88750875,0,0,1,0,0,0,0,0,0,0,0,1,0,0,0,0,0,0,0
150,-0.514511883,1.645218611,0,0,1,0,0,0,0,0,0,0,0,0,0,0,1,0,0,0,0
151,5.452626228,-1.960820675,0,0,1,0,0,0,0,0,0,0,0,0,0,0,1,0,0,0,0
152,0.040142734,0.432770252,0,0,1,0,0,0,0,0,0,0,0,0,0,0,1,0,0,0,0
153,3.550813437,-1.557439446,0,0,0,1,0,0,0,0,0,0,0,0,0,0,1,0,0,0,0
154,3.819817305,-2.970849037,0,0,0,1,0,0,0,0,0,0,0,0,0,0,1,0,0,0,0
155,-1.603021026,2.731494665,0,0,0,1,0,0,0,0,0,0,0,0,0,0,1,0,0,0,0
156,-0.552891076,1.870492816,0,0,0,1,0,0,0,0,0,0,0,0,0,1,0,0,0,0,0
157,-0.408400565,0.020031387,4,1,0,1,0,0,0,0,0,0,0,1,0,0,0,0,0,0,0
158,-1.55982995,2.482709646,3,1,0,1,0,0,0,0,0,0,0,1,0,0,0,0,0,0,0
159,-2.597487926,1.225618362,1,0,1,0,0,0,0,0,0,0,0,1,0,0,0,0,0,0,0
160,-1.007322192,1.089212894,4,1,0,1,0,0,0,0,0,0,0,0,0,0,0,0,0,1,0
161,1.855504513,-0.990663052,0,0,1,0,0,0,0,0,0,0,0,1,0,0,0,0,0,0,0
162,-2.605306864,2.375668287,0,0,0,1,0,0,0,0,0,0,0,0,0,0,0,0,1,0,0
163,-4.158864021,4.329137802,0,0,1,0,0,0,0,0,0,0,0,0,0,0,0,0,1,0,0
164,-1.504505873,1.752461433,0,0,1,0,0,0,0,0,0,0,0,0,0,0,0,0,1,0,0
165,-1.219092011,1.726378798,0,0,0,1,0,0,0,0,0,0,0,0,0,0,0,0,1,0,0
166,1.097884297,-0.586398304,0,0,0,1,0,0,0,0,0,0,0,0,0,0,0,0,0,1,0
167,-0.765518963,2.812150478,0,0,0,1,0,0,0,0,0,0,0,0,0,0,0,0,1,0,0
168,-1.267147064,5.056283951,1,0,0,0,0,0,1,0,0,0,0,0,0,0,0,1,0,0,0
169,3.387357473,-3.173204899,0,0,0,1,0,0,0,0,0,0,0,1,0,0,0,0,0,0,0
170,-6.598822594,8.146279335,2,0,0,1,0,0,0,0,0,0,0,0,0,0,0,1,0,0,0
171,-2.432500362,3.775055885,4,1,0,1,0,0,0,0,0,0,0,0,0,0,0,1,0,0,0
172,0.292406887,-1.819817185,0,0,1,0,0,0,0,0,0,0,0,0,0,0,1,0,0,0,0
173,3.845302582,-3.59526372,0,0,0,1,0,0,0,0,0,0,0,1,0,0,0,0,0,0,0
174,-2.418945313,1.489695549,0,0,1,0,0,0,0,0,0,0,0,1,0,0,0,0,0,0,0
175,-1.673912406,1.835310578,3,1,0,1,0,0,0,0,0,0,0,0,0,0,1,0,0,0,0
176,-2.453796387,2.447369814,4,1,0,0,0,0,0,0,1,0,0,0,0,0,0,0,0,1,0
177,-4.653146267,1.649873614,0,0,1,0,0,0,0,0,0,0,0,1,0,0,0,0,0,0,0
178,-2.79566741,2.258340359,0,0,1,0,0,0,0,0,0,0,0,1,0,0,0,0,0,0,0
179,-5.156674385,2.311984062,4,1,0,0,0,0,0,0,1,0,0,0,0,0,0,0,0,1,0
180,-2.355393887,2.207860708,1,0,0,1,0,0,0,0,0,0,0,1,0,0,0,0,0,0,0
181,-1.839617372,1.0837152,0,0,1,0,0,0,0,0,0,0,0,0,0,0,0,0,0,1,0
182,-2.623652458,-0.756889641,3,1,0,0,0,0,0,0,1,0,0,0,0,0,0,0,0,1,0
183,-4.725483418,1.208900332,4,1,0,0,0,0,0,0,1,0,0,0,0,0,0,0,0,1,0
184,-1.28364265,-0.716289282,0,0,1,0,0,0,0,0,0,0,0,1,0,0,0,0,0,0,0
185,1.03864789,2.026329279,1,0,1,0,0,0,0,0,0,0,0,1,0,0,0,0,0,0,0
186,2.682147264,-3.253601551,0,0,1,0,0,0,0,0,0,0,0,1,0,0,0,0,0,0,0
187,2.839462519,0.937498212,0,0,0,1,0,0,0,0,0,0,0,0,0,0,1,0,0,0,0
188,-0.611472845,0.591648161,0,0,0,1,0,0,0,0,0,0,0,1,0,0,0,0,0,0,0
189,2.574604988,1.080976248,0,0,0,1,0,0,0,0,0,0,0,0,0,0,1,0,0,0,0
190,2.13513875,1.421284437,3,1,0,0,0,0,0,0,1,0,0,0,1,0,0,0,0,0,0
191,-4.226239681,5.037751198,4,1,0,0,0,0,0,0,1,0,0,0,0,0,1,0,0,0,0
192,1.14241755,-0.727326393,0,0,1,0,0,0,0,0,0,0,0,1,0,0,0,0,0,0,0
193,-0.146691218,2.463548183,0,0,1,0,0,0,0,0,0,0,0,1,0,0,0,0,0,0,0
194,-2.389485598,0.973329663,0,0,0,1,0,0,0,0,0,0,0,1,0,0,0,0,0,0,0
195,-0.004623573,2.081087828,2,0,0,1,0,0,0,0,0,0,0,0,0,0,1,0,0,0,0
196,-4.126432896,4.483852863,4,1,0,0,0,0,0,0,1,0,0,0,0,0,0,0,0,1,0
197,-8.06317234,7.00972414,4,1,0,0,0,0,0,0,1,0,0,0,0,0,0,0,0,1,0
198,-6.135607719,6.37671423,2,1,0,0,0,0,0,0,1,0,0,0,0,0,0,0,0,1,0
199,-1.058436871,1.289126873,3,0,0,1,0,0,0,0,0,0,0,0,0,0,1,0,0,0,0
200,-2.095090151,2.393718481,2,0,0,1,0,0,0,0,0,0,0,1,0,0,0,0,0,0,0
201,-8.138528824,7.435389996,1,0,0,1,0,0,0,0,0,0,0,0,0,1,0,0,0,0,0
202,-6.336024761,5.341856956,4,1,0,1,0,0,0,0,0,0,0,0,0,1,0,0,0,0,0
203,2.2511518,-1.52273345,0,0,1,0,0,0,0,0,0,0,0,0,0,0,1,0,0,0,0
204,-2.777472734,1.992921114,2,0,0,1,0,0,0,0,0,0,0,0,0,0,1,0,0,0,0
205,0.618542016,-0.764931083,1,0,0,1,0,0,0,0,0,0,0,0,0,0,1,0,0,0,0
206,-0.822197199,0.981200337,3,1,0,1,0,0,0,0,0,0,0,0,0,0,1,0,0,0,0
207,3.305321217,-2.231044054,1,0,0,1,0,0,0,0,0,0,0,0,0,0,0,0,1,0,0
208,-0.257520229,1.461779833,1,0,1,0,0,0,0,0,0,0,0,0,0,0,0,0,1,0,0
209,2.222581863,1.709242105,2,0,0,0,0,1,0,0,0,0,0,1,0,0,0,0,0,0,0
210,-2.013594627,0.379590452,2,0,1,0,0,0,0,0,0,0,0,1,0,0,0,0,0,0,0
211,0.37359795,0.203430504,0,0,1,0,0,0,0,0,0,0,0,1,0,0,0,0,0,0,0
212,-2.430845499,3.226078033,4,1,0,0,0,0,0,1,0,0,0,1,0,0,0,0,0,0,0
213,-1.468054652,2.168720484,3,0,0,0,0,1,0,0,0,0,0,0,0,0,0,0,1,0,0
214,-0.240003422,0.166126519,0,0,0,1,0,0,0,0,0,0,0,0,0,0,0,0,1,0,0
215,2.583423138,-2.11200738,0,0,0,1,0,0,0,0,0,0,0,0,0,0,0,0,1,0,0
216,0.142440736,0.778287768,4,1,0,1,0,0,0,0,0,0,0,0,0,0,0,0,1,0,0
217,-3.741366148,3.017110348,3,1,0,1,0,0,0,0,0,0,0,0,0,0,0,0,1,0,0
218,-2.422654152,1.62002933,0,0,0,1,0,0,0,0,0,0,0,1,0,0,0,0,0,0,0
219,-1.343135238,4.032097816,2,0,0,0,0,0,0,0,1,0,0,0,0,0,0,0,1,0,0
220,5.990334034,-3.94124341,4,1,0,0,0,0,0,0,1,0,0,0,0,0,0,0,1,0,0
221,-1.258478403,2.532612562,0,0,0,1,0,0,0,0,0,0,0,1,0,0,0,0,0,0,0
222,-6.112363338,4.786365509,4,1,0,0,0,0,0,0,1,0,0,0,0,0,0,1,0,0,0
223,-1.523052692,0.850901306,0,0,1,0,0,0,0,0,0,0,0,1,0,0,0,0,0,0,0
224,-3.232297659,4.165556908,0,0,1,0,0,0,0,0,0,0,0,1,0,0,0,0,0,0,0
225,-0.951561391,0.55135107,0,0,0,1,0,0,0,0,0,0,0,1,0,0,0,0,0,0,0
226,-2.280792475,1.242287755,0,0,0,1,0,0,0,0,0,0,0,1,0,0,0,0,0,0,0
227,-0.408171773,-0.120269448,0,0,0,1,0,0,0,0,0,0,0,1,0,0,0,0,0,0,0
228,-3.121498585,1.91852212,0,0,0,1,0,0,0,0,0,0,0,1,0,0,0,0,0,0,0
229,-1.811993718,1.287901759,4,1,0,1,0,0,0,0,0,0,0,0,0,0,0,0,0,1,0
230,0.470984548,-0.445109814,3,1,0,1,0,0,0,0,0,0,0,0,0,0,0,0,0,1,0
231,0.807819307,0.507144511,3,1,0,1,0,0,0,0,0,0,0,0,0,0,0,0,0,1,0
232,-0.705420494,0.400669783,0,0,1,0,0,0,0,0,0,0,0,0,0,0,0,0,1,0,0
233,1.972190857,-4.417999268,0,0,0,1,0,0,0,0,0,0,0,0,0,0,0,0,1,0,0
234,-0.477716357,1.776964903,2,0,0,0,0,0,0,0,1,0,0,0,0,1,0,0,0,0,0
235,-2.042854548,0.210863337,0,0,0,1,0,0,0,0,0,0,0,0,0,0,0,0,1,0,0
236,-1.261399627,0.933770835,3,0,0,0,0,0,0,0,1,0,0,0,0,0,0,0,1,0,0
237,-1.238283038,-1.150893807,2,0,0,0,0,0,0,0,1,0,0,0,0,0,0,0,1,0,0
238,-2.833857059,0.880078673,3,0,0,0,0,0,0,0,1,0,0,0,0,0,0,0,1,0,0
239,1.257404089,-2.68251586,2,0,0,0,0,0,0,0,1,0,0,0,0,0,0,0,1,0,0
240,-4.804983139,4.782748699,4,1,0,1,0,0,0,0,0,0,0,0,0,0,0,0,1,0,0
241,-3.016270399,3.991228342,4,1,0,1,0,0,0,0,0,0,0,0,0,0,0,0,1,0,0
242,2.496297598,1.892674208,0,0,0,1,0,0,0,0,0,0,0,1,0,0,0,0,0,0,0
243,-0.361192167,-0.207540751,4,1,0,0,0,0,0,0,1,0,0,1,0,0,0,0,0,0,0
244,-1.856251121,-0.826553047,4,1,0,0,0,0,0,0,1,0,0,1,0,0,0,0,0,0,0
245,3.473474264,-1.362493277,3,0,1,0,0,0,0,0,0,0,0,1,0,0,0,0,0,0,0
246,-1.516426086,-0.903480947,4,1,0,1,0,0,0,0,0,0,0,1,0,0,0,0,0,0,0
247,-6.69459343,6.572369099,0,0,0,0,0,0,0,0,1,0,0,1,0,0,0,0,0,0,0
248,-2.371410608,2.190085888,4,1,0,1,0,0,0,0,0,0,0,0,0,0,0,0,1,0,0
249,-1.385949969,1.435653329,4,1,1,0,0,0,0,0,0,0,0,0,0,0,0,0,1,0,0
250,-3.738483429,3.724561691,3,1,0,1,0,0,0,0,0,0,0,0,0,0,0,0,1,0,0
251,1.019805789,-0.499548852,0,0,0,1,0,0,0,0,0,0,0,1,0,0,0,0,0,0,0
252,-0.357875168,1.746311069,0,0,0,1,0,0,0,0,0,0,0,1,0,0,0,0,0,0,0
253,-0.561753035,1.439773798,3,1,0,1,0,0,0,0,0,0,0,1,0,0,0,0,0,0,0
254,-2.445543051,1.661781311,0,0,0,1,0,0,0,0,0,0,0,1,0,0,0,0,0,0,0
255,3.084614992,-1.690580726,2,1,0,1,0,0,0,0,0,0,0,1,0,0,0,0,0,0,0
256,8.774736404,-5.774847984,1,0,1,0,0,0,0,0,0,0,0,1,0,0,0,0,0,0,0
257,2.393913984,-1.777588248,2,1,0,1,0,0,0,0,0,0,0,0,0,0,0,0,1,0,0
258,2.522445202,0.419084817,3,1,0,1,0,0,0,0,0,0,0,0,0,0,0,0,0,1,0
259,-0.946326554,1.513147354,1,0,0,1,0,0,0,0,0,0,0,1,0,0,0,0,0,0,0
260,0.101695135,1.421092987,3,1,0,1,0,0,0,0,0,0,0,0,0,0,0,0,0,1,0
261,-1.281464577,1.625371218,2,0,0,1,0,0,0,0,0,0,0,1,0,0,0,0,0,0,0
262,-2.322628021,2.364793062,0,0,0,1,0,0,0,0,0,0,0,1,0,0,0,0,0,0,0
263,0.378660768,0.224649474,3,0,0,0,0,0,0,0,1,0,0,1,0,0,0,0,0,0,0
264,-0.688399315,-1.022642374,1,0,0,1,0,0,0,0,0,0,0,0,0,1,0,0,0,0,0
265,-4.741212368,8.090327263,1,0,0,1,0,0,0,0,0,0,0,0,0,1,0,0,0,0,0
266,-2.327223063,1.873934031,3,1,0,0,0,0,0,0,1,0,0,0,0,0,0,0,0,1,0
267,0.262485683,3.605010509,3,0,0,1,0,0,0,0,0,0,0,0,0,0,0,0,1,0,0
268,-5.144890785,4.985590935,1,0,0,1,0,0,0,0,0,0,0,0,0,0,0,0,1,0,0
269,-6.954974174,7.7548666,0,0,0,1,0,0,0,0,0,0,0,0,0,1,0,0,0,0,0
270,-3.437525988,2.799810886,2,0,0,1,0,0,0,0,0,0,0,1,0,0,0,0,0,0,0
271,2.545043468,1.275232077,2,0,0,1,0,0,0,0,0,0,0,1,0,0,0,0,0,0,0
272,1.053101182,1.815735817,3,1,0,1,0,0,0,0,0,0,0,0,0,0,0,0,0,1,0
273,-2.774940252,3.972535133,3,0,0,1,0,0,0,0,0,0,0,0,0,0,0,0,0,1,0
274,-1.448688388,1.252283573,2,0,0,1,0,0,0,0,0,0,0,1,0,0,0,0,0,0,0
275,-2.684847832,0.921727777,3,1,0,1,0,0,0,0,0,0,0,1,0,0,0,0,0,0,0
276,0.245795861,-1.105009079,3,1,0,0,0,0,0,0,1,0,0,0,0,0,0,0,0,1,0
277,-2.514771461,1.910379291,3,1,0,1,0,0,0,0,0,0,0,0,0,0,0,0,0,1,0
278,-5.154673576,2.979306459,0,0,0,1,0,0,0,0,0,0,0,1,0,0,0,0,0,0,0
279,-3.912365437,5.332820415,4,1,0,1,0,0,0,0,0,0,0,0,0,0,0,0,0,1,0
280,-2.126720667,3.932818651,3,0,1,0,0,0,0,0,0,0,0,0,0,0,0,0,0,1,0
281,-2.056590557,4.497027397,0,0,1,0,0,0,0,0,0,0,0,1,0,0,0,0,0,0,0
282,-2.140083075,2.837924957,4,1,0,0,0,0,0,0,1,0,0,0,0,0,0,0,0,1,0
283,-3.547201157,3.455881119,0,0,0,1,0,0,0,0,0,0,0,0,0,0,0,0,0,1,0
284,-2.002048969,1.659340501,3,0,0,1,0,0,0,0,0,0,0,0,0,0,0,0,0,1,0
285,-0.042874523,0.255428523,2,0,0,1,0,0,0,0,0,0,0,0,0,0,0,0,0,1,0
286,-2.485813141,0.41982761,4,1,0,1,0,0,0,0,0,0,0,0,0,0,0,0,0,1,0
287,-3.139488697,3.270788193,0,0,1,0,0,0,0,0,0,0,0,1,0,0,0,0,0,0,0
288,0.286090106,0.775852084,1,0,1,0,0,0,0,0,0,0,0,1,0,0,0,0,0,0,0
289,-0.268712252,1.553648949,2,0,0,1,0,0,0,0,0,0,0,1,0,0,0,0,0,0,0
290,1.869163513,-2.258866549,0,0,0,1,0,0,0,0,0,0,0,1,0,0,0,0,0,0,0
291,-4.943886757,5.369634151,1,0,1,0,0,0,0,0,0,0,0,1,0,0,0,0,0,0,0
292,1.862573147,-3.932374716,0,0,1,0,0,0,0,0,0,0,0,1,0,0,0,0,0,0,0
293,-1.402133226,-1.018951893,4,1,0,1,0,0,0,0,0,0,0,0,1,0,0,0,0,0,0
294,2.842707872,-3.929475307,3,0,1,0,0,0,0,0,0,0,0,0,0,0,0,0,0,0,1
295,0.861436427,-1.941479683,1,0,0,0,1,0,0,0,0,0,0,1,0,0,0,0,0,0,0
296,-0.772109926,3.804862261,3,1,0,0,0,1,0,0,0,0,0,0,0,0,1,0,0,0,0
297,-1.677240729,0.543123364,2,1,0,0,0,1,0,0,0,0,0,0,0,0,1,0,0,0,0
298,-2.092197418,3.305704355,1,0,0,0,0,1,0,0,0,0,0,0,0,1,0,0,0,0,0
299,-2.930281878,2.310639858,4,1,0,0,0,1,0,0,0,0,0,0,0,0,1,0,0,0,0
300,-1.198749542,3.829988003,0,0,1,0,0,0,0,0,0,0,0,1,0,0,0,0,0,0,0
301,-2.653364182,4.564037323,3,1,0,1,0,0,0,0,0,0,0,0,0,0,0,0,0,0,1
302,2.962711573,-1.068437219,2,0,1,0,0,0,0,0,0,0,0,0,0,0,0,0,0,0,1
303,2.434402227,0.323344141,3,1,0,1,0,0,0,0,0,0,0,0,0,0,0,0,0,0,1
304,-0.825946152,-0.228720635,0,0,1,0,0,0,0,0,0,0,0,1,0,0,0,0,0,0,0
305,-0.5746032,-0.350936592,3,0,0,1,0,0,0,0,0,0,0,1,0,0,0,0,0,0,0
306,-1.243109345,4.54603672,0,0,1,0,0,0,0,0,0,0,0,1,0,0,0,0,0,0,0
307,-2.636615515,2.759325504,3,0,0,1,0,0,0,0,0,0,0,0,0,0,0,1,0,0,0
308,-0.59307301,-2.380657911,3,0,0,1,0,0,0,0,0,0,0,0,0,0,0,1,0,0,0
309,-1.399338245,3.172696829,3,1,0,0,0,0,0,0,1,0,0,0,0,0,0,1,0,0,0
310,-3.104663849,3.817473412,3,1,0,0,0,0,0,0,1,0,0,0,0,0,0,1,0,0,0
311,0.235780075,-0.186068684,1,0,1,0,0,0,0,0,0,0,0,1,0,0,0,0,0,0,0
312,0.200876683,2.146120787,4,1,0,1,0,0,0,0,0,0,0,0,0,0,1,0,0,0,0
313,-0.788917243,2.987404108,3,1,0,1,0,0,0,0,0,0,0,0,0,0,1,0,0,0,0
314,-1.33893013,3.110124111,2,0,1,0,0,0,0,0,0,0,0,1,0,0,0,0,0,0,0
315,-3.100208282,4.76391983,0,0,1,0,0,0,0,0,0,0,0,1,0,0,0,0,0,0,0
316,1.452965021,-2.094361067,3,1,1,0,0,0,0,0,0,0,0,1,0,0,0,0,0,0,0
317,-4.708548546,4.564615726,2,0,0,1,0,0,0,0,0,0,0,0,1,0,0,0,0,0,0
318,-2.909144402,1.442528367,4,1,0,0,0,0,0,1,0,0,0,1,0,0,0,0,0,0,0
319,1.139395595,2.258004665,2,0,1,0,0,0,0,0,0,0,0,0,1,0,0,0,0,0,0
320,2.45732832,0.602673471,4,1,0,0,0,0,0,1,0,0,0,1,0,0,0,0,0,0,0
321,-1.929659843,4.304281712,0,0,1,0,0,0,0,0,0,0,0,1,0,0,0,0,0,0,0
322,3.894219398,-3.102199793,0,0,1,0,0,0,0,0,0,0,0,1,0,0,0,0,0,0,0
323,3.210281372,-2.314628839,0,0,0,1,0,0,0,0,0,0,0,1,0,0,0,0,0,0,0
324,-1.802664876,2.827363729,0,0,1,0,0,0,0,0,0,0,0,1,0,0,0,0,0,0,0
325,0.621734202,0.996678531,0,0,0,1,0,0,0,0,0,0,0,1,0,0,0,0,0,0,0
326,-0.097010136,2.115319014,0,0,0,1,0,0,0,0,0,0,0,0,0,1,0,0,0,0,0
327,-1.331905127,1.046970248,0,0,0,1,0,0,0,0,0,0,0,1,0,0,0,0,0,0,0
328,0.945265412,1.841680765,0,0,1,0,0,0,0,0,0,0,0,0,0,1,0,0,0,0,0
329,2.485414505,0.075999901,1,0,0,1,0,0,0,0,0,0,0,0,0,0,0,0,0,1,0
330,1.951640964,0.528663456,2,0,1,0,0,0,0,0,0,0,0,0,0,0,0,0,0,1,0
331,3.299683332,-0.760848284,3,0,0,1,0,0,0,0,0,0,0,0,0,0,0,0,0,1,0
332,-2.038376808,0.933589995,2,0,0,1,0,0,0,0,0,0,0,0,0,0,0,0,0,1,0
333,-2.096242905,1.858279824,2,1,0,1,0,0,0,0,0,0,0,0,0,0,0,0,0,1,0
334,-4.562311172,3.866486073,1,1,0,1,0,0,0,0,0,0,0,0,0,0,0,0,0,1,0
335,-6.53999567,4.809867382,2,1,0,1,0,0,0,0,0,0,0,0,0,0,0,0,0,1,0
336,-3.718119621,0.987828851,2,1,0,1,0,0,0,0,0,0,0,0,0,0,0,0,0,1,0
337,0.604683936,-0.105824977,1,0,1,0,0,0,0,0,0,0,0,0,0,0,0,0,0,1,0
338,2.416407108,1.530717969,2,0,0,1,0,0,0,0,0,0,0,0,0,0,1,0,0,0,0
339,-0.157107264,-2.547517776,1,1,0,1,0,0,0,0,0,0,0,0,0,0,1,0,0,0,0
340,-0.288236767,2.249232531,1,0,1,0,0,0,0,0,0,0,0,1,0,0,0,0,0,0,0
341,-3.229716778,5.218693733,1,0,0,1,0,0,0,0,0,0,0,1,0,0,0,0,0,0,0
342,-0.729471564,2.47794795,1,0,0,1,0,0,0,0,0,0,0,1,0,0,0,0,0,0,0
343,0.754766047,-2.912832499,3,1,0,1,0,0,0,0,0,0,0,1,0,0,0,0,0,0,0
344,1.806918979,-0.413748026,0,0,0,1,0,0,0,0,0,0,0,1,0,0,0,0,0,0,0
345,-2.934040546,2.355014801,0,0,0,1,0,0,0,0,0,0,0,1,0,0,0,0,0,0,0
346,-4.501104355,5.519180298,1,0,0,1,0,0,0,0,0,0,0,1,0,0,0,0,0,0,0
347,-2.215567112,2.709808826,0,0,0,1,0,0,0,0,0,0,0,1,0,0,0,0,0,0,0
348,0.526786804,2.058177233,0,0,0,1,0,0,0,0,0,0,0,1,0,0,0,0,0,0,0
349,-6.206812382,6.76726532,2,1,0,1,0,0,0,0,0,0,0,0,0,0,0,0,0,1,0
350,3.807452679,-0.092336826,1,0,1,0,0,0,0,0,0,0,0,1,0,0,0,0,0,0,0
351,-2.323310137,2.988311529,2,1,1,0,0,0,0,0,0,0,0,0,1,0,0,0,0,0,0
352,0.462553263,1.664861441,1,0,1,0,0,0,0,0,0,0,0,1,0,0,0,0,0,0,0
353,-4.484585762,4.187493801,0,0,1,0,0,0,0,0,0,0,0,1,0,0,0,0,0,0,0
354,-2.016078949,0.841327369,0,0,0,1,0,0,0,0,0,0,0,1,0,0,0,0,0,0,0
355,1.630642414,-1.361464143,0,0,0,1,0,0,0,0,0,0,0,1,0,0,0,0,0,0,0
356,1.01091969,-2.348225355,2,1,0,1,0,0,0,0,0,0,0,0,0,0,1,0,0,0,0
357,1.813334942,1.995966196,2,1,0,1,0,0,0,0,0,0,0,0,0,0,1,0,0,0,0
358,-4.544446945,4.862082958,2,1,0,1,0,0,0,0,0,0,0,1,0,0,0,0,0,0,0
359,-3.172296524,3.857959986,0,0,0,1,0,0,0,0,0,0,0,1,0,0,0,0,0,0,0
360,-0.497372419,-0.193664253,1,1,0,1,0,0,0,0,0,0,0,1,0,0,0,0,0,0,0
361,0.824852407,-3.388213634,3,1,0,1,0,0,0,0,0,0,0,1,0,0,0,0,0,0,0
362,3.724187851,-3.739722252,2,1,0,1,0,0,0,0,0,0,0,1,0,0,0,0,0,0,0
363,-1.601494312,2.715883255,1,1,0,1,0,0,0,0,0,0,0,1,0,0,0,0,0,0,0
364,1.310168862,-2.59630847,0,0,1,0,0,0,0,0,0,0,0,1,0,0,0,0,0,0,0
365,-2.707169771,3.402794123,0,1,1,0,0,0,0,0,0,0,0,0,0,0,0,1,0,0,0
366,-4.540046692,5.298383236,2,1,1,0,0,0,0,0,0,0,0,0,0,0,0,1,0,0,0
367,-0.460322529,1.882810116,0,0,1,0,0,0,0,0,0,0,0,1,0,0,0,0,0,0,0
368,-0.038358759,1.920827389,0,0,1,0,0,0,0,0,0,0,0,1,0,0,0,0,0,0,0
369,-0.440620244,1.086761355,0,0,1,0,0,0,0,0,0,0,0,1,0,0,0,0,0,0,0
370,-1.887377381,1.48799181,0,0,1,0,0,0,0,0,0,0,0,1,0,0,0,0,0,0,0
371,-2.844475269,3.701696634,0,0,1,0,0,0,0,0,0,0,0,1,0,0,0,0,0,0,0
372,-1.007333279,1.905739069,1,1,0,1,0,0,0,0,0,0,0,1,0,0,0,0,0,0,0
373,-5.264566898,7.15503788,2,1,0,1,0,0,0,0,0,0,0,0,1,0,0,0,0,0,0
374,-6.185725689,5.57255125,3,1,0,1,0,0,0,0,0,0,0,0,0,0,0,0,0,1,0
375,-5.680267811,4.67698431,4,1,0,1,0,0,0,0,0,0,0,0,0,0,0,0,0,1,0
376,-0.789945424,-2.735994101,0,0,1,0,0,0,0,0,0,0,0,1,0,0,0,0,0,0,0
377,0.870304286,0.011645799,1,0,0,1,0,0,0,0,0,0,0,1,0,0,0,0,0,0,0
378,3.292113781,1.21477282,1,0,0,1,0,0,0,0,0,0,0,1,0,0,0,0,0,0,0
379,1.548613191,1.639468312,1,0,0,1,0,0,0,0,0,0,0,1,0,0,0,0,0,0,0
380,-5.025342941,5.011755943,0,0,0,1,0,0,0,0,0,0,0,0,0,0,0,0,0,1,0
381,-0.607304573,0.147203073,0,0,0,1,0,0,0,0,0,0,0,0,0,0,0,0,0,1,0
382,-0.841914058,-3.324473858,1,0,0,1,0,0,0,0,0,0,0,0,0,0,0,0,0,1,0
383,1.521774411,0.291395545,1,0,0,1,0,0,0,0,0,0,0,0,0,0,0,0,0,1,0
384,3.661672592,0.746895373,0,0,0,1,0,0,0,0,0,0,0,1,0,0,0,0,0,0,0
385,1.637053847,1.521848321,0,0,0,1,0,0,0,0,0,0,0,1,0,0,0,0,0,0,0
386,0.605715156,1.98644495,1,1,0,1,0,0,0,0,0,0,0,0,0,0,0,0,0,1,0
387,0.097930029,-0.906871021,2,1,0,1,0,0,0,0,0,0,0,0,0,0,0,0,0,1,0
388,-1.357999802,2.116651535,2,1,0,1,0,0,0,0,0,0,0,0,0,0,0,0,0,1,0
389,1.333070278,-1.453525662,0,0,1,0,0,0,0,0,0,0,0,0,0,0,0,0,0,1,0
390,3.314199686,-1.704509735,1,1,0,1,0,0,0,0,0,0,0,0,0,0,0,0,0,1,0
391,-3.493142128,2.47709012,0,0,0,1,0,0,0,0,0,0,0,1,0,0,0,0,0,0,0
392,0.808910429,1.1943295,0,0,0,1,0,0,0,0,0,0,0,1,0,0,0,0,0,0,0
393,-5.156233311,7.252716064,1,0,0,1,0,0,0,0,0,0,0,0,0,0,0,0,0,1,0
394,-4.354252815,5.258250237,2,1,0,1,0,0,0,0,0,0,0,0,0,0,1,0,0,0,0
395,0.157379255,1.200364947,1,1,0,1,0,0,0,0,0,0,0,0,0,0,1,0,0,0,0
396,0.013296131,0.286768705,1,0,0,1,0,0,0,0,0,0,0,1,0,0,0,0,0,0,0
397,-2.159925938,3.935166359,3,1,0,1,0,0,0,0,0,0,0,0,1,0,0,0,0,0,0
398,-2.021895647,2.726795673,1,1,0,1,0,0,0,0,0,0,0,0,0,0,0,0,0,1,0
399,-3.807194948,0.585503161,3,1,0,1,0,0,0,0,0,0,0,0,0,0,0,0,0,1,0
400,-0.124420449,0.058744717,0,0,1,0,0,0,0,0,0,0,0,1,0,0,0,0,0,0,0
401,0.052010302,0.930826962,0,0,1,0,0,0,0,0,0,0,0,1,0,0,0,0,0,0,0
402,-6.015672207,5.103314877,2,0,0,1,0,0,0,0,0,0,0,0,0,1,0,0,0,0,0
403,-2.047988176,2.3841362,3,1,0,1,0,0,0,0,0,0,0,0,0,1,0,0,0,0,0
404,-5.448344707,5.813416958,1,1,0,1,0,0,0,0,0,0,0,0,0,1,0,0,0,0,0
405,-2.700659037,4.361964226,4,1,0,1,0,0,0,0,0,0,0,1,0,0,0,0,0,0,0
406,-2.0949893,4.016734123,4,1,0,1,0,0,0,0,0,0,0,1,0,0,0,0,0,0,0
407,-1.152741909,3.145073414,2,0,0,1,0,0,0,0,0,0,0,0,0,0,0,0,1,0,0
408,-2.662421227,-0.147290617,4,1,0,1,0,0,0,0,0,0,0,0,0,0,0,0,0,1,0
409,-0.573528945,0.83926934,2,0,0,1,0,0,0,0,0,0,0,0,0,0,0,0,0,1,0
410,-6.956123352,6.164218903,4,1,0,1,0,0,0,0,0,0,0,0,0,0,0,0,0,1,0
411,-3.852445364,4.359323978,0,0,0,1,0,0,0,0,0,0,0,1,0,0,0,0,0,0,0
412,-0.973721325,3.32484746,3,1,0,0,0,0,0,1,0,0,0,1,0,0,0,0,0,0,0
413,-2.128911495,3.339137077,2,1,1,0,0,0,0,0,0,0,0,1,0,0,0,0,0,0,0
414,3.319745541,0.348578125,0,0,0,1,0,0,0,0,0,0,0,1,0,0,0,0,0,0,0
415,-6.977815151,7.347250938,1,0,0,1,0,0,0,0,0,0,0,0,0,0,0,0,1,0,0
416,4.358522892,0.977931082,1,0,0,1,0,0,0,0,0,0,0,1,0,0,0,0,0,0,0
417,1.851294279,-2.524542332,0,0,0,1,0,0,0,0,0,0,0,1,0,0,0,0,0,0,0
418,-5.222515583,4.53068018,3,1,0,1,0,0,0,0,0,0,0,0,1,0,0,0,0,0,0
419,-1.125502586,-0.586741805,4,1,0,1,0,0,0,0,0,0,0,0,0,0,0,0,0,1,0
420,0.612049222,2.724931479,0,0,0,1,0,0,0,0,0,0,0,0,0,0,0,0,0,1,0
421,-2.104751348,1.76429832,0,0,0,1,0,0,0,0,0,0,0,1,0,0,0,0,0,0,0
422,-5.541980743,5.610079288,4,0,0,1,0,0,0,0,0,0,0,0,0,0,0,0,0,1,0
423,-3.078257322,3.942273378,3,1,0,0,0,0,0,0,1,0,0,0,0,0,0,0,0,1,0
424,-2.760051489,3.925892353,3,1,0,1,0,0,0,0,0,0,0,0,0,0,0,0,0,1,0
425,1.061223269,0.953190386,1,1,0,1,0,0,0,0,0,0,0,0,0,0,0,0,0,1,0
426,0.910256505,0.926962137,3,1,0,1,0,0,0,0,0,0,0,0,0,0,0,0,0,1,0
427,-2.402738094,4.485554218,0,0,1,0,0,0,0,0,0,0,0,1,0,0,0,0,0,0,0
428,-2.603675604,3.291862726,3,0,1,0,0,0,0,0,0,0,0,0,0,0,0,0,0,1,0
429,-2.361412287,3.955714226,3,0,1,0,0,0,0,0,0,0,0,0,0,0,0,0,0,1,0
430,3.624487877,-1.990272164,3,0,1,0,0,0,0,0,0,0,0,0,0,0,0,0,0,1,0
431,-1.73301065,2.72919488,4,0,0,1,0,0,0,0,0,0,0,0,1,0,0,0,0,0,0
432,1.240164161,-0.418878615,0,0,0,1,0,0,0,0,0,0,0,0,1,0,0,0,0,0,0
433,-6.698126316,4.53164959,4,1,0,1,0,0,0,0,0,0,0,0,0,0,0,0,1,0,0
434,0.178530499,0.811520457,1,0,0,1,0,0,0,0,0,0,0,0,1,0,0,0,0,0,0
435,9.448571205,-3.527466059,0,0,0,1,0,0,0,0,0,0,0,1,0,0,0,0,0,0,0
436,-2.335587978,1.35255754,0,0,0,1,0,0,0,0,0,0,0,1,0,0,0,0,0,0,0
437,0.782976925,-1.202961564,2,0,0,1,0,0,0,0,0,0,0,0,0,0,0,1,0,0,0
438,-3.12434721,1.845732927,2,1,0,1,0,0,0,0,0,0,0,0,0,0,0,1,0,0,0
439,1.002614021,0.666310191,1,0,0,1,0,0,0,0,0,0,0,1,0,0,0,0,0,0,0
440,3.32388258,-2.237425566,4,1,0,1,0,0,0,0,0,0,0,0,0,0,0,1,0,0,0
441,0.178530499,0.811520457,2,0,0,1,0,0,0,0,0,0,0,0,0,0,0,1,0,0,0
442,7.109286785,-3.286388159,0,0,0,1,0,0,0,0,0,0,0,0,0,0,0,1,0,0,0
443,6.779506207,-4.293339729,2,0,0,1,0,0,0,0,0,0,0,0,0,0,0,1,0,0,0
444,1.875240922,-0.979991615,0,0,0,1,0,0,0,0,0,0,0,1,0,0,0,0,0,0,0
445,1.585338116,0.069478095,0,0,0,1,0,0,0,0,0,0,0,1,0,0,0,0,0,0,0
446,-0.655412614,-0.117472634,3,0,0,1,0,0,0,0,0,0,0,0,0,0,1,0,0,0,0
447,-1.334326267,5.318211555,0,0,0,1,0,0,0,0,0,0,0,0,0,0,1,0,0,0,0
448,1.871011853,1.035527349,3,0,0,1,0,0,0,0,0,0,0,0,0,0,1,0,0,0,0
449,4.409022331,-3.076790571,0,0,0,1,0,0,0,0,0,0,0,0,0,0,1,0,0,0,0
450,0.051171284,2.324190617,4,1,0,1,0,0,0,0,0,0,0,0,0,0,1,0,0,0,0
451,1.020164251,3.27218008,3,1,0,1,0,0,0,0,0,0,0,0,0,0,1,0,0,0,0
452,-1.663925529,0.583350182,0,0,0,1,0,0,0,0,0,0,0,0,0,0,1,0,0,0,0
453,0.203748167,1.256709218,0,0,0,1,0,0,0,0,0,0,0,0,0,0,1,0,0,0,0
454,-0.655526221,-1.631513,3,0,0,1,0,0,0,0,0,0,0,0,0,0,0,0,0,1,0
455,2.952109814,-0.209366024,4,0,0,0,0,0,0,0,1,0,0,1,0,0,0,0,0,0,0
456,-3.97981739,6.133106709,3,0,0,0,0,0,0,0,1,0,0,0,0,0,0,0,0,1,0
457,0.025726277,0.295901179,2,0,0,1,0,0,0,0,0,0,0,0,0,1,0,0,0,0,0
458,-2.665282488,4.55284977,3,1,0,1,0,0,0,0,0,0,0,1,0,0,0,0,0,0,0
459,-1.626130223,1.491507292,3,1,0,1,0,0,0,0,0,0,0,0,0,0,0,0,0,1,0
460,-3.34556675,3.564005852,4,1,0,1,0,0,0,0,0,0,0,0,0,1,0,0,0,0,0
461,-1.118114114,0.177763343,1,0,0,1,0,0,0,0,0,0,0,1,0,0,0,0,0,0,0
462,2.77568078,0.019361427,2,0,0,1,0,0,0,0,0,0,0,0,0,0,0,1,0,0,0
463,1.161628604,-2.174541473,2,0,0,1,0,0,0,0,0,0,0,0,0,0,0,1,0,0,0
464,-2.636504173,3.513732195,0,0,0,1,0,0,0,0,0,0,0,1,0,0,0,0,0,0,0
465,1.828665614,-0.461518914,1,0,0,1,0,0,0,0,0,0,0,1,0,0,0,0,0,0,0
466,1.064831495,2.275048256,0,0,0,1,0,0,0,0,0,0,0,1,0,0,0,0,0,0,0
467,-1.777760744,1.945551276,3,1,0,1,0,0,0,0,0,0,0,0,0,1,0,0,0,0,0
468,-1.625780702,2.428143024,0,0,0,1,0,0,0,0,0,0,0,0,0,1,0,0,0,0,0
469,-2.595812798,3.337226391,2,0,0,1,0,0,0,0,0,0,0,0,0,1,0,0,0,0,0
470,-3.411784649,3.622051239,0,0,0,1,0,0,0,0,0,0,0,1,0,0,0,0,0,0,0
471,-5.090021133,5.977879047,2,0,0,1,0,0,0,0,0,0,0,1,0,0,0,0,0,0,0
472,2.18270874,-1.78921783,3,0,0,1,0,0,0,0,0,0,0,1,0,0,0,0,0,0,0
473,-0.883706748,-0.526136458,1,0,0,1,0,0,0,0,0,0,0,1,0,0,0,0,0,0,0
474,-2.836091042,1.814917684,3,1,0,0,0,0,0,0,1,0,0,1,0,0,0,0,0,0,0
475,-2.392144918,2.291724443,2,0,0,1,0,0,0,0,0,0,0,1,0,0,0,0,0,0,0
476,-0.742635131,1.108401299,0,0,0,1,0,0,0,0,0,0,0,1,0,0,0,0,0,0,0
477,2.79069972,0.904532373,0,0,0,1,0,0,0,0,0,0,0,1,0,0,0,0,0,0,0
478,-0.989111066,0.14736639,3,1,0,1,0,0,0,0,0,0,0,1,0,0,0,0,0,0,0
479,0.003307088,0.084125459,0,0,0,1,0,0,0,0,0,0,0,1,0,0,0,0,0,0,0
480,-3.89381218,2.6343925,4,1,0,1,0,0,0,0,0,0,0,0,0,0,0,0,1,0,0
481,-3.041797638,0.914453447,3,0,0,1,0,0,0,0,0,0,0,0,0,0,0,0,1,0,0
482,0.301491708,0.629829228,2,0,0,1,0,0,0,0,0,0,0,0,0,0,0,0,1,0,0
483,1.654214859,-1.802314043,4,1,0,0,0,0,0,0,1,0,0,0,0,0,0,0,1,0,0
484,-2.063867569,3.364895344,0,0,0,1,0,0,0,0,0,0,0,1,0,0,0,0,0,0,0
485,-0.923793495,1.041725039,3,1,0,1,0,0,0,0,0,0,0,1,0,0,0,0,0,0,0
486,1.799462557,2.046712637,0,0,0,1,0,0,0,0,0,0,0,1,0,0,0,0,0,0,0
487,0.429204911,1.287678599,0,0,0,1,0,0,0,0,0,0,0,1,0,0,0,0,0,0,0
488,-1.053530097,-1.394213676,0,0,0,1,0,0,0,0,0,0,0,1,0,0,0,0,0,0,0
489,-2.643541336,2.429967165,0,0,0,1,0,0,0,0,0,0,0,1,0,0,0,0,0,0,0
490,-0.903091609,0.310379326,0,0,0,1,0,0,0,0,0,0,0,0,0,0,1,0,0,0,0
491,-3.707944393,6.548974037,2,0,0,1,0,0,0,0,0,0,0,0,0,0,1,0,0,0,0
492,-2.492661953,-0.49304086,3,1,0,1,0,0,0,0,0,0,0,0,0,0,1,0,0,0,0
493,-2.135536432,0.393988788,2,1,0,1,0,0,0,0,0,0,0,0,0,0,0,0,0,1,0
494,-2.948067665,4.218150616,1,0,1,0,0,0,0,0,0,0,0,1,0,0,0,0,0,0,0
495,0.605899096,-0.830398262,0,0,1,0,0,0,0,0,0,0,0,1,0,0,0,0,0,0,0
496,-1.38100481,0.373593301,0,0,0,0,0,0,0,0,1,0,0,1,0,0,0,0,0,0,0
497,-1.421367288,-1.13432014,3,1,0,1,0,0,0,0,0,0,0,1,0,0,0,0,0,0,0
498,-2.040380239,5.309045315,2,0,0,1,0,0,0,0,0,0,0,1,0,0,0,0,0,0,0
499,-1.530466557,2.45383811,1,0,0,1,0,0,0,0,0,0,0,1,0,0,0,0,0,0,0
500,0.606408596,-0.800241292,1,0,0,1,0,0,0,0,0,0,0,1,0,0,0,0,0,0,0
501,-1.930639625,0.468435585,0,0,0,1,0,0,0,0,0,0,0,1,0,0,0,0,0,0,0
502,1.264737725,0.66038233,3,1,0,1,0,0,0,0,0,0,0,0,0,1,0,0,0,0,0
503,-2.192628145,1.917629838,4,1,0,1,0,0,0,0,0,0,0,0,0,1,0,0,0,0,0
504,0.542527795,1.609210253,0,0,0,1,0,0,0,0,0,0,0,1,0,0,0,0,0,0,0
505,-1.001262546,2.420348406,3,1,0,1,0,0,0,0,0,0,0,0,0,1,0,0,0,0,0
506,1.033141971,-0.211414844,0,0,1,0,0,0,0,0,0,0,0,1,0,0,0,0,0,0,0
507,2.001724243,-0.333941311,0,0,1,0,0,0,0,0,0,0,0,1,0,0,0,0,0,0,0
508,1.928900242,-1.057424903,0,0,0,1,0,0,0,0,0,0,0,1,0,0,0,0,0,0,0
509,0.648078442,4.14988327,0,0,0,0,0,0,0,0,1,0,0,1,0,0,0,0,0,0,0
510,-4.959217548,5.802632809,0,0,0,0,0,0,0,0,1,0,0,1,0,0,0,0,0,0,0
511,-1.487628102,0.446970433,0,0,0,0,0,0,0,0,1,0,0,1,0,0,0,0,0,0,0
512,4.735524654,-0.486236334,3,1,0,1,0,0,0,0,0,0,0,1,0,0,0,0,0,0,0
513,-0.408353835,4.595047951,2,0,0,1,0,0,0,0,0,0,0,1,0,0,0,0,0,0,0
514,0.970839739,1.226233721,0,0,0,1,0,0,0,0,0,0,0,1,0,0,0,0,0,0,0
515,-0.96023041,1.163595915,0,0,0,1,0,0,0,0,0,0,0,1,0,0,0,0,0,0,0
516,2.172196865,-2.073527098,3,1,0,1,0,0,0,0,0,0,0,0,0,0,1,0,0,0,0
517,-3.761445284,6.673600197,0,0,0,1,0,0,0,0,0,0,0,0,0,0,0,0,0,1,0
518,4.123390675,-3.30437851,2,0,0,1,0,0,0,0,0,0,0,0,1,0,0,0,0,0,0
519,-1.236183047,3.139456987,0,0,0,1,0,0,0,0,0,0,0,1,0,0,0,0,0,0,0
520,0.727523267,2.759749651,0,0,0,1,0,0,0,0,0,0,0,1,0,0,0,0,0,0,0
521,-0.18911241,2.197161436,0,0,0,1,0,0,0,0,0,0,0,1,0,0,0,0,0,0,0
522,1.358167768,-0.576390803,0,0,0,1,0,0,0,0,0,0,0,0,0,0,0,0,0,1,0
523,-1.368450046,0.758349955,1,0,0,1,0,0,0,0,0,0,0,0,0,0,0,0,0,1,0
524,-2.417500973,3.195856094,0,0,0,1,0,0,0,0,0,0,0,1,0,0,0,0,0,0,0
525,0.329177767,2.451735258,1,0,0,1,0,0,0,0,0,0,0,0,0,0,0,0,0,1,0
526,-1.642470479,2.333541155,3,0,0,1,0,0,0,0,0,0,0,0,0,0,0,0,0,1,0
527,0.354043156,-0.315626651,4,1,0,1,0,0,0,0,0,0,0,0,0,0,0,0,0,1,0
528,2.827551365,-2.63458252,3,1,0,1,0,0,0,0,0,0,0,0,0,0,0,0,0,1,0
529,-1.464912295,1.982084751,1,0,1,0,0,0,0,0,0,0,0,1,0,0,0,0,0,0,0
530,-0.30527854,0.073017873,4,1,0,1,0,0,0,0,0,0,0,0,0,0,0,0,0,1,0
531,-0.851693094,-1.038307309,0,0,1,0,0,0,0,0,0,0,0,1,0,0,0,0,0,0,0
532,1.902634263,-0.837311447,2,0,0,0,0,1,0,0,0,0,0,1,0,0,0,0,0,0,0
533,0.131735325,-1.190108538,1,0,1,0,0,0,0,0,0,0,0,0,0,0,0,0,0,1,0
534,0.936759889,0.15051502,0,0,1,0,0,0,0,0,0,0,0,0,0,0,0,0,0,1,0
535,-0.387013108,2.391791821,0,0,1,0,0,0,0,0,0,0,0,1,0,0,0,0,0,0,0
536,0.624658287,-2.603470564,0,0,0,1,0,0,0,0,0,0,0,1,0,0,0,0,0,0,0
537,-0.611792684,-1.617527723,0,0,0,1,0,0,0,0,0,0,0,1,0,0,0,0,0,0,0
538,-1.105130792,0.494899869,3,1,1,0,0,0,0,0,0,0,0,1,0,0,0,0,0,0,0
539,0.303756922,-0.318645149,2,1,0,1,0,0,0,0,0,0,0,1,0,0,0,0,0,0,0
540,-0.45266217,2.138151169,0,0,0,1,0,0,0,0,0,0,0,1,0,0,0,0,0,0,0
541,5.950582981,-6.246695518,0,0,0,1,0,0,0,0,0,0,0,1,0,0,0,0,0,0,0
542,-2.664339542,0.876488626,0,0,0,1,0,0,0,0,0,0,0,1,0,0,0,0,0,0,0
543,-1.966934562,2.686953306,0,0,0,1,0,0,0,0,0,0,0,1,0,0,0,0,0,0,0
544,-2.607155323,3.123719215,4,1,0,0,0,1,0,0,0,0,0,1,0,0,0,0,0,0,0
545,-3.79473567,5.13792944,3,1,0,1,0,0,0,0,0,0,0,1,0,0,0,0,0,0,0
546,1.084501743,-2.441148281,3,1,0,1,0,0,0,0,0,0,0,0,0,0,1,0,0,0,0
547,-1.2127074,0.879088879,3,1,0,1,0,0,0,0,0,0,0,0,0,0,1,0,0,0,0
548,-3.617884874,3.114044428,0,0,1,0,0,0,0,0,0,0,0,1,0,0,0,0,0,0,0
549,-0.38813594,0.680328012,0,0,1,0,0,0,0,0,0,0,0,1,0,0,0,0,0,0,0
550,-3.523399591,2.069848776,0,0,1,0,0,0,0,0,0,0,0,1,0,0,0,0,0,0,0
551,-0.893345952,0.436655849,0,0,1,0,0,0,0,0,0,0,0,1,0,0,0,0,0,0,0
552,-1.753856659,1.510566235,0,0,1,0,0,0,0,0,0,0,0,1,0,0,0,0,0,0,0
553,-0.872138202,0.766185462,0,0,1,0,0,0,0,0,0,0,0,1,0,0,0,0,0,0,0
554,-2.08783102,0.747119367,3,1,0,1,0,0,0,0,0,0,0,1,0,0,0,0,0,0,0
555,1.922221422,-3.363031626,3,1,0,1,0,0,0,0,0,0,0,1,0,0,0,0,0,0,0
556,2.408026695,-5.23987627,4,1,0,1,0,0,0,0,0,0,0,1,0,0,0,0,0,0,0
557,-3.006291628,1.687273622,3,1,1,0,0,0,0,0,0,0,0,0,0,0,0,1,0,0,0
558,1.978630304,-0.960723042,2,0,1,0,0,0,0,0,0,0,0,1,0,0,0,0,0,0,0
559,-2.061179161,2.41572094,0,0,1,0,0,0,0,0,0,0,0,1,0,0,0,0,0,0,0
560,-1.670573473,0.819676399,0,0,0,1,0,0,0,0,0,0,0,1,0,0,0,0,0,0,0
561,-3.620271206,3.573869228,1,0,0,1,0,0,0,0,0,0,0,0,0,0,1,0,0,0,0
562,-3.511778831,3.02478981,3,1,0,1,0,0,0,0,0,0,0,0,0,0,1,0,0,0,0
563,-2.181999922,1.319362879,1,0,0,0,0,0,1,0,0,0,0,1,0,0,0,0,0,0,0
564,-2.199463844,1.504566431,0,0,0,1,0,0,0,0,0,0,0,1,0,0,0,0,0,0,0
565,-3.143591166,4.162547588,4,1,0,0,0,1,0,0,0,0,0,1,0,0,0,0,0,0,0
566,-4.78856039,1.836385369,0,0,1,0,0,0,0,0,0,0,0,1,0,0,0,0,0,0,0
567,0.017475147,1.504940033,0,0,1,0,0,0,0,0,0,0,0,1,0,0,0,0,0,0,0
568,-1.13982749,0.778769493,2,0,0,1,0,0,0,0,0,0,0,0,0,0,1,0,0,0,0
569,-1.181537628,-0.531691551,0,0,0,1,0,0,0,0,0,0,0,1,0,0,0,0,0,0,0
570,-2.963198185,3.172588348,3,1,0,1,0,0,0,0,0,0,0,0,0,0,1,0,0,0,0
571,2.906393051,-3.148391485,3,1,1,0,0,0,0,0,0,0,0,1,0,0,0,0,0,0,0
572,2.173499107,0.989306569,1,0,0,1,0,0,0,0,0,0,0,1,0,0,0,0,0,0,0
573,4.231634617,-1.905877948,0,0,0,1,0,0,0,0,0,0,0,1,0,0,0,0,0,0,0
574,-1.095991731,2.81917119,1,0,1,0,0,0,0,0,0,0,0,1,0,0,0,0,0,0,0
575,-4.414553642,1.378821611,0,0,1,0,0,0,0,0,0,0,0,1,0,0,0,0,0,0,0
576,-4.630111694,0.213475466,3,0,1,0,0,0,0,0,0,0,0,0,0,0,1,0,0,0,0
577,-4.621321678,3.035364389,4,0,0,1,0,0,0,0,0,0,0,1,0,0,0,0,0,0,0
578,-1.327186108,2.400660038,4,0,0,1,0,0,0,0,0,0,0,1,0,0,0,0,0,0,0
579,-4.882053375,2.679986477,0,0,1,0,0,0,0,0,0,0,0,1,0,0,0,0,0,0,0
580,2.910195589,-1.682648897,0,0,1,0,0,0,0,0,0,0,0,1,0,0,0,0,0,0,0
581,-0.289561212,0.701940835,3,0,0,1,0,0,0,0,0,0,0,1,0,0,0,0,0,0,0
582,-2.347286224,0.891969025,0,0,1,0,0,0,0,0,0,0,0,1,0,0,0,0,0,0,0
583,-4.046423912,4.522437096,1,0,1,0,0,0,0,0,0,0,0,1,0,0,0,0,0,0,0
584,-1.369742632,3.806842566,4,1,0,1,0,0,0,0,0,0,0,1,0,0,0,0,0,0,0
585,-3.96097374,4.122793198,4,1,0,1,0,0,0,0,0,0,0,1,0,0,0,0,0,0,0
586,0.349718839,0.548924744,0,0,0,1,0,0,0,0,0,0,0,1,0,0,0,0,0,0,0
587,2.469328165,2.486211777,3,1,1,0,0,0,0,0,0,0,0,1,0,0,0,0,0,0,0
588,-2.297394753,2.057093859,3,1,0,0,0,0,0,0,1,0,0,1,0,0,0,0,0,0,0
589,-3.275880098,3.953700542,4,1,0,1,0,0,0,0,0,0,0,1,0,0,0,0,0,0,0
590,-3.341178656,3.854583263,3,1,0,1,0,0,0,0,0,0,0,1,0,0,0,0,0,0,0
591,-0.049920253,0.106129803,4,1,0,1,0,0,0,0,0,0,0,1,0,0,0,0,0,0,0
592,-2.347696781,1.446479082,0,0,1,0,0,0,0,0,0,0,0,1,0,0,0,0,0,0,0
593,5.331192017,-5.924506187,2,0,1,0,0,0,0,0,0,0,0,1,0,0,0,0,0,0,0
594,1.232250094,1.206424952,0,0,0,1,0,0,0,0,0,0,0,1,0,0,0,0,0,0,0
595,1.397944331,2.039726496,4,1,0,1,0,0,0,0,0,0,0,1,0,0,0,0,0,0,0
596,-4.860859394,4.555323124,3,1,0,1,0,0,0,0,0,0,0,1,0,0,0,0,0,0,0
597,-0.131034181,1.436218143,3,0,0,1,0,0,0,0,0,0,0,1,0,0,0,0,0,0,0
598,-4.331996918,5.209733486,4,0,1,0,0,0,0,0,0,0,0,1,0,0,0,0,0,0,0
599,0.442863494,0.678748727,0,0,0,1,0,0,0,0,0,0,0,1,0,0,0,0,0,0,0
600,6.234669685,-5.765595436,0,0,1,0,0,0,0,0,0,0,0,1,0,0,0,0,0,0,0
601,-1.584879875,1.360661507,0,0,0,1,0,0,0,0,0,0,0,1,0,0,0,0,0,0,0
602,-1.364188552,2.050323725,0,0,1,0,0,0,0,0,0,0,0,1,0,0,0,0,0,0,0
603,3.33625865,1.325859547,0,0,1,0,0,0,0,0,0,0,0,1,0,0,0,0,0,0,0
604,-3.057021141,3.477842569,0,0,1,0,0,0,0,0,0,0,0,1,0,0,0,0,0,0,0
605,-3.388761044,6.615015984,2,0,0,0,0,0,0,0,1,0,0,1,0,0,0,0,0,0,0
606,1.628140688,-1.470878482,0,0,0,0,0,0,0,0,1,0,0,1,0,0,0,0,0,0,0
607,-1.350626826,3.74746871,0,0,0,0,0,0,0,0,1,0,0,1,0,0,0,0,0,0,0
608,4.074037075,-1.484470725,0,0,0,0,0,0,0,0,1,0,0,1,0,0,0,0,0,0,0
609,-2.699688196,2.704580545,0,0,0,1,0,0,0,0,0,0,0,1,0,0,0,0,0,0,0
610,-6.230568886,6.281283855,3,1,0,0,0,0,0,0,1,0,0,0,0,1,0,0,0,0,0
611,-6.155538082,7.044130325,2,0,0,0,0,0,0,0,1,0,0,0,0,0,1,0,0,0,0
612,-6.370060444,6.684138298,4,0,0,0,0,0,0,0,1,0,0,0,0,1,0,0,0,0,0
613,-8.70430851,7.242229462,1,0,0,0,0,0,0,0,1,0,0,0,0,0,1,0,0,0,0
614,-4.310595512,3.949088573,0,0,0,0,0,0,0,0,1,0,0,0,0,1,0,0,0,0,0
615,-3.925243139,5.813666344,0,0,0,1,0,0,0,0,0,0,0,0,0,0,0,0,0,1,0
616,-2.057406425,1.58720994,4,1,0,0,0,0,0,0,1,0,0,0,0,0,0,0,0,1,0
617,-4.553188801,5.625112534,4,1,0,0,0,0,0,0,1,0,0,0,0,0,0,0,1,0,0
618,1.298181772,0.219726086,2,0,1,0,0,0,0,0,0,0,0,1,0,0,0,0,0,0,0
619,-0.160596803,0.836218536,0,0,1,0,0,0,0,0,0,0,0,1,0,0,0,0,0,0,0
620,-0.881642163,2.14378953,0,0,1,0,0,0,0,0,0,0,0,1,0,0,0,0,0,0,0
621,-0.237659261,3.392988443,0,0,1,0,0,0,0,0,0,0,0,1,0,0,0,0,0,0,0
622,-2.730174303,4.464026451,0,0,1,0,0,0,0,0,0,0,0,1,0,0,0,0,0,0,0
623,1.766308784,0.316617846,0,0,1,0,0,0,0,0,0,0,0,1,0,0,0,0,0,0,0
624,0.604903519,-0.966419756,0,0,1,0,0,0,0,0,0,0,0,1,0,0,0,0,0,0,0
625,4.917074203,-5.459240913,0,0,1,0,0,0,0,0,0,0,0,1,0,0,0,0,0,0,0
626,-3.716863632,1.920932531,0,0,1,0,0,0,0,0,0,0,0,1,0,0,0,0,0,0,0
627,-3.325446367,4.680469036,1,0,0,1,0,0,0,0,0,0,0,1,0,0,0,0,0,0,0
628,-3.916352749,4.573521137,3,0,0,0,0,0,0,1,0,0,0,0,0,0,0,0,0,1,0
629,-0.312205315,0.581946731,0,0,1,0,0,0,0,0,0,0,0,1,0,0,0,0,0,0,0
630,-0.764010012,3.080750704,0,0,1,0,0,0,0,0,0,0,0,1,0,0,0,0,0,0,0
631,0.697068393,2.721325636,0,0,1,0,0,0,0,0,0,0,0,1,0,0,0,0,0,0,0
632,-4.254683018,5.814555645,2,0,0,0,0,0,0,0,1,0,0,0,1,0,0,0,0,0,0
633,-5.864848137,4.194665432,2,0,0,1,0,0,0,0,0,0,0,0,0,0,1,0,0,0,0
634,-4.766679764,4.430534363,3,0,0,1,0,0,0,0,0,0,0,0,1,0,0,0,0,0,0
635,-4.475859642,3.894365549,2,0,0,1,0,0,0,0,0,0,0,0,1,0,0,0,0,0,0
636,-1.59835124,4.488292694,1,0,0,1,0,0,0,0,0,0,0,0,0,0,1,0,0,0,0
637,-1.485175252,2.753143072,4,1,0,0,0,0,0,0,1,0,0,0,0,0,1,0,0,0,0
638,-1.751557946,4.325985909,4,1,0,0,0,0,0,0,1,0,0,0,0,0,0,0,1,0,0
639,-1.295515656,4.765559196,1,0,1,0,0,0,0,0,0,0,0,1,0,0,0,0,0,0,0
640,-1.61081779,1.822227001,0,0,1,0,0,0,0,0,0,0,0,1,0,0,0,0,0,0,0
641,0.193411186,-0.028206138,0,0,1,0,0,0,0,0,0,0,0,1,0,0,0,0,0,0,0
642,4.415057182,-0.974503219,0,0,1,0,0,0,0,0,0,0,0,1,0,0,0,0,0,0,0
643,-1.422766447,-0.125173032,0,0,0,1,0,0,0,0,0,0,0,1,0,0,0,0,0,0,0
644,3.113148689,-1.084349513,0,0,0,1,0,0,0,0,0,0,0,1,0,0,0,0,0,0,0
645,1.131161094,-0.703736484,0,0,1,0,0,0,0,0,0,0,0,1,0,0,0,0,0,0,0
646,-1.353089333,3.899973631,0,0,0,1,0,0,0,0,0,0,0,1,0,0,0,0,0,0,0
647,0.68822974,0.038183454,0,0,0,1,0,0,0,0,0,0,0,0,0,0,1,0,0,0,0
648,-0.745104074,0.435814887,0,0,0,1,0,0,0,0,0,0,0,0,0,0,1,0,0,0,0
649,-6.61383009,7.177258968,1,0,0,1,0,0,0,0,0,0,0,0,0,0,1,0,0,0,0
650,-7.472354412,6.511683941,3,1,0,0,0,0,0,0,1,0,0,0,0,0,0,0,1,0,0
651,-5.013533115,3.71597743,1,0,0,1,0,0,0,0,0,0,0,1,0,0,0,0,0,0,0
652,4.678718567,-0.36812225,0,0,0,1,0,0,0,0,0,0,0,1,0,0,0,0,0,0,0
653,-4.286800385,6.958719254,0,0,1,0,0,0,0,0,0,0,0,1,0,0,0,0,0,0,0
654,1.381664634,-0.278257102,0,0,0,1,0,0,0,0,0,0,0,1,0,0,0,0,0,0,0
655,4.946557999,-1.674614906,0,0,0,1,0,0,0,0,0,0,0,1,0,0,0,0,0,0,0
656,-0.827945173,1.258461714,0,0,0,0,0,0,0,0,1,0,0,1,0,0,0,0,0,0,0
657,2.117053032,0.085117012,0,0,0,0,0,0,0,0,1,0,0,1,0,0,0,0,0,0,0
658,3.388395786,-4.63791275,0,0,1,0,0,0,0,0,0,0,0,1,0,0,0,0,0,0,0
659,-2.008808851,0.934385478,0,0,0,1,0,0,0,0,0,0,0,1,0,0,0,0,0,0,0
660,1.173490644,-3.159985781,3,1,0,0,0,0,0,0,1,0,0,0,0,1,0,0,0,0,0
661,4.239868164,-5.920473099,2,0,0,0,0,0,0,0,1,0,0,0,0,1,0,0,0,0,0
662,1.247683048,-1.618381143,4,1,0,0,0,0,0,0,1,0,0,0,0,1,0,0,0,0,0
663,0.013932578,1.477693915,0,0,1,0,0,0,0,0,0,0,0,1,0,0,0,0,0,0,0
664,1.712505937,-1.06529355,0,0,0,1,0,0,0,0,0,0,0,1,0,0,0,0,0,0,0
665,2.326480627,2.649330378,0,0,0,1,0,0,0,0,0,0,0,1,0,0,0,0,0,0,0
666,2.237995148,-1.15207994,0,0,0,1,0,0,0,0,0,0,0,1,0,0,0,0,0,0,0
667,-0.642325222,-1.311402798,0,0,1,0,0,0,0,0,0,0,0,1,0,0,0,0,0,0,0
668,-1.248779655,0.26613909,0,0,1,0,0,0,0,0,0,0,0,1,0,0,0,0,0,0,0
669,-4.238254547,4.169288635,3,0,0,0,0,0,0,0,1,0,0,1,0,0,0,0,0,0,0
670,-6.883279324,7.598700523,3,0,0,0,0,0,0,0,1,0,0,1,0,0,0,0,0,0,0
671,-2.383590221,1.226606011,1,0,0,0,0,0,0,0,1,0,0,1,0,0,0,0,0,0,0
672,-2.616988659,0.378692985,0,0,1,0,0,0,0,0,0,0,0,1,0,0,0,0,0,0,0
673,0.252998501,-0.938938975,2,0,0,0,0,0,0,0,1,0,0,1,0,0,0,0,0,0,0
674,-5.030245304,4.608041763,3,0,0,0,0,0,0,0,1,0,0,0,0,1,0,0,0,0,0
675,-5.926010132,5.980411053,1,0,0,1,0,0,0,0,0,0,0,0,0,1,0,0,0,0,0
676,-1.469597816,2.168506145,0,0,0,1,0,0,0,0,0,0,0,1,0,0,0,0,0,0,0
677,-5.293790817,5.547657967,1,0,0,0,0,0,0,0,1,0,0,0,0,1,0,0,0,0,0
678,2.672407389,1.770508766,0,0,0,1,0,0,0,0,0,0,0,1,0,0,0,0,0,0,0
679,1.673342586,-0.325779796,3,1,0,0,0,1,0,0,0,0,0,0,0,0,1,0,0,0,0
680,0.507595956,1.990169764,0,0,0,1,0,0,0,0,0,0,0,1,0,0,0,0,0,0,0
681,-5.297385216,4.120028019,3,1,0,0,0,0,0,0,1,0,0,0,0,0,1,0,0,0,0
682,-0.660455287,-0.621406674,0,0,0,1,0,0,0,0,0,0,0,1,0,0,0,0,0,0,0
683,1.107517362,-2.023285151,0,0,0,0,0,0,0,0,1,0,0,1,0,0,0,0,0,0,0
684,-2.689283848,0.018893598,2,0,0,0,0,0,0,0,1,0,0,1,0,0,0,0,0,0,0
685,-1.108391762,1.021192312,0,0,0,1,0,0,0,0,0,0,0,1,0,0,0,0,0,0,0
686,-4.837061405,6.129518986,3,0,0,0,0,0,0,0,1,0,0,0,0,0,0,0,1,0,0
687,-7.600179195,6.939707756,3,0,0,0,0,0,0,0,1,0,0,0,0,0,0,0,1,0,0
688,1.098433495,1.03517437,4,1,0,0,0,1,0,0,0,0,0,1,0,0,0,0,0,0,0
689,2.339453459,-2.081251144,0,0,1,0,0,0,0,0,0,0,0,1,0,0,0,0,0,0,0
690,1.281407356,1.272166967,0,0,1,0,0,0,0,0,0,0,0,1,0,0,0,0,0,0,0
691,-3.78220439,3.902852297,0,0,0,0,0,0,0,0,1,0,0,0,0,0,0,0,0,1,0
692,-5.267566681,5.626169682,3,1,0,1,0,0,0,0,0,0,0,0,0,0,0,0,1,0,0
693,-1.942178488,2.086465836,1,0,1,0,0,0,0,0,0,0,0,1,0,0,0,0,0,0,0
694,-6.298723698,8.202517509,0,0,1,0,0,0,0,0,0,0,0,1,0,0,0,0,0,0,0
695,2.175748348,-3.660329103,0,0,0,1,0,0,0,0,0,0,0,1,0,0,0,0,0,0,0
696,-6.549891472,6.434030056,0,0,1,0,0,0,0,0,0,0,0,1,0,0,0,0,0,0,0
697,-1.869867802,1.556091189,0,0,1,0,0,0,0,0,0,0,0,1,0,0,0,0,0,0,0
698,-3.722266436,2.14265275,4,1,0,0,0,0,1,0,0,0,0,0,0,0,0,0,1,0,0
699,0.188070968,1.59089601,0,0,0,1,0,0,0,0,0,0,0,1,0,0,0,0,0,0,0
700,3.212893963,-0.073118046,3,1,0,1,0,0,0,0,0,0,0,1,0,0,0,0,0,0,0
701,5.156432152,-0.749904573,4,0,0,0,0,1,0,0,0,0,0,0,1,0,0,0,0,0,0
702,-0.463023543,-0.498325408,0,0,1,0,0,0,0,0,0,0,0,1,0,0,0,0,0,0,0
703,-0.426923066,2.969738722,3,1,1,0,0,0,0,0,0,0,0,0,0,1,0,0,0,0,0
704,-2.739158392,1.102463603,0,0,0,1,0,0,0,0,0,0,0,1,0,0,0,0,0,0,0
705,0.188498959,0.635126829,4,1,0,0,0,0,0,0,0,1,0,0,0,0,0,0,0,1,0
706,1.603769422,0.466829032,2,1,0,0,0,0,0,0,0,1,0,0,0,0,0,0,0,1,0
707,0.188498959,0.635126829,2,1,0,0,0,0,0,0,0,1,0,0,0,0,0,0,0,1,0
708,-3.701163769,4.667002678,3,0,0,0,0,1,0,0,0,0,0,0,1,0,0,0,0,0,0
709,2.249809742,0.119429946,4,0,0,0,0,1,0,0,0,0,0,0,1,0,0,0,0,0,0
710,-5.088307381,4.236462593,4,1,1,0,0,0,0,0,0,0,0,0,0,0,0,0,1,0,0
711,-0.48635003,3.554119825,4,1,1,0,0,0,0,0,0,0,0,0,0,0,0,0,1,0,0
712,0.347307414,0.356780648,3,1,1,0,0,0,0,0,0,0,0,0,0,0,0,1,0,0,0
713,1.301601648,2.371418238,4,0,1,0,0,0,0,0,0,0,0,0,0,0,0,0,0,1,0
714,-1.356842875,2.510671854,0,0,1,0,0,0,0,0,0,0,0,0,0,0,1,0,0,0,0
715,-1.015204668,2.936508179,2,0,1,0,0,0,0,0,0,0,0,0,0,0,1,0,0,0,0
716,-0.684626877,1.635133743,4,0,0,0,0,0,0,0,1,0,0,0,0,0,1,0,0,0,0
717,2.800033331,-0.350208431,3,0,0,0,0,0,0,0,1,0,0,0,0,0,1,0,0,0,0
718,-1.996204495,1.358044267,4,0,0,0,0,0,0,0,1,0,0,0,1,0,0,0,0,0,0
719,-2.745707035,1.707654834,4,0,0,0,0,0,0,0,1,0,0,0,1,0,0,0,0,0,0
720,-1.380252957,1.380447865,4,1,0,1,0,0,0,0,0,0,0,0,0,0,1,0,0,0,0
721,-1.310029745,0.342880756,0,0,1,0,0,0,0,0,0,0,0,1,0,0,0,0,0,0,0
722,-4.056492805,3.235056877,3,1,1,0,0,0,0,0,0,0,0,1,0,0,0,0,0,0,0
723,-3.069495201,0.662975073,0,0,0,1,0,0,0,0,0,0,0,1,0,0,0,0,0,0,0
724,-2.966374159,2.109489679,2,0,0,1,0,0,0,0,0,0,0,0,0,0,0,0,0,1,0
725,-0.69927758,1.060100675,1,1,0,1,0,0,0,0,0,0,0,1,0,0,0,0,0,0,0
726,-3.008855104,2.723245382,2,1,0,1,0,0,0,0,0,0,0,1,0,0,0,0,0,0,0
727,-2.225629091,4.393758774,0,0,0,1,0,0,0,0,0,0,0,1,0,0,0,0,0,0,0
728,-1.155148387,3.203588247,0,0,0,1,0,0,0,0,0,0,0,1,0,0,0,0,0,0,0
729,-3.734698772,4.56552124,3,1,0,1,0,0,0,0,0,0,0,0,0,0,0,0,0,1,0
730,-2.231327295,3.701009989,3,1,0,1,0,0,0,0,0,0,0,1,0,0,0,0,0,0,0
731,-1.930378318,3.056538582,0,0,0,1,0,0,0,0,0,0,0,1,0,0,0,0,0,0,0
732,0.10555838,2.791573524,0,0,0,1,0,0,0,0,0,0,0,0,0,0,0,0,0,1,0
733,0.411544293,-3.002122641,1,0,0,1,0,0,0,0,0,0,0,1,0,0,0,0,0,0,0
734,-1.313860178,-0.794384062,1,0,0,1,0,0,0,0,0,0,0,1,0,0,0,0,0,0,0
735,-1.107994318,1.876428723,2,0,0,0,0,1,0,0,0,0,0,0,0,0,0,0,0,1,0
736,0.393808931,2.543138266,4,1,0,1,0,0,0,0,0,0,0,1,0,0,0,0,0,0,0
737,0.093721926,1.522486687,2,1,0,1,0,0,0,0,0,0,0,0,0,1,0,0,0,0,0
738,-2.097943068,4.167757988,2,1,0,1,0,0,0,0,0,0,0,0,0,1,0,0,0,0,0
739,-1.222296953,2.853736639,1,0,0,1,0,0,0,0,0,0,0,0,0,0,0,0,0,1,0
740,-5.14871788,4.755722523,3,1,0,1,0,0,0,0,0,0,0,0,0,0,0,0,0,1,0
741,-2.596007347,2.078429937,3,1,0,1,0,0,0,0,0,0,0,1,0,0,0,0,0,0,0
742,-1.421023488,2.420919895,0,0,0,1,0,0,0,0,0,0,0,1,0,0,0,0,0,0,0
743,-3.299517632,3.164366722,4,1,0,0,0,0,0,0,1,0,0,0,0,0,0,0,0,1,0
744,0.577272654,-0.032458957,1,0,0,1,0,0,0,0,0,0,0,0,0,1,0,0,0,0,0
745,-2.113254786,2.938674212,3,1,0,1,0,0,0,0,0,0,0,0,0,0,0,0,0,1,0
746,0.678200305,1.363205075,1,1,0,1,0,0,0,0,0,0,0,0,0,1,0,0,0,0,0
747,-2.462732315,4.546260834,0,0,0,1,0,0,0,0,0,0,0,1,0,0,0,0,0,0,0
748,-1.967862368,0.086382747,0,0,0,1,0,0,0,0,0,0,0,1,0,0,0,0,0,0,0
749,-3.11221838,1.979812622,3,1,0,1,0,0,0,0,0,0,0,0,0,0,0,0,0,1,0
750,0.788431346,1.277117252,0,0,0,1,0,0,0,0,0,0,0,1,0,0,0,0,0,0,0
751,-2.720673561,5.041409492,0,0,0,1,0,0,0,0,0,0,0,1,0,0,0,0,0,0,0
752,0.607411087,2.343249798,3,1,0,0,0,1,0,0,0,0,0,0,0,0,0,0,1,0,0
753,-3.709747553,4.9551301,2,1,0,1,0,0,0,0,0,0,0,0,0,1,0,0,0,0,0
754,-3.475016594,2.844230413,2,1,0,1,0,0,0,0,0,0,0,0,0,1,0,0,0,0,0
755,-4.242649555,4.637216568,0,0,0,1,0,0,0,0,0,0,0,1,0,0,0,0,0,0,0
756,-1.328292727,2.60149312,3,1,0,1,0,0,0,0,0,0,0,0,0,0,0,0,0,1,0
757,-0.308414698,1.019278407,4,1,0,1,0,0,0,0,0,0,0,0,0,0,0,0,0,1,0
758,-1.553199768,3.508076191,0,0,0,1,0,0,0,0,0,0,0,1,0,0,0,0,0,0,0
759,-0.989023149,3.047915936,3,1,0,1,0,0,0,0,0,0,0,1,0,0,0,0,0,0,0
760,3.32677269,1.336183071,0,0,0,1,0,0,0,0,0,0,0,1,0,0,0,0,0,0,0
761,-2.108110189,3.333796263,4,1,0,1,0,0,0,0,0,0,0,1,0,0,0,0,0,0,0
762,0.950460076,1.524567485,1,0,0,1,0,0,0,0,0,0,0,1,0,0,0,0,0,0,0
763,3.321003675,-0.160740674,3,1,0,1,0,0,0,0,0,0,0,1,0,0,0,0,0,0,0
764,2.082114935,-2.239322662,4,0,0,0,0,1,0,0,0,0,0,0,0,0,1,0,0,0,0
765,2.790562153,0.491601229,3,0,0,0,0,1,0,0,0,0,0,0,0,0,1,0,0,0,0
766,-1.191428781,1.22539103,4,1,0,1,0,0,0,0,0,0,0,0,1,0,0,0,0,0,0
767,0.242889524,0.74192971,3,0,0,1,0,0,0,0,0,0,0,0,0,0,0,0,0,1,0
768,-4.009110928,4.458354473,2,1,0,1,0,0,0,0,0,0,0,0,1,0,0,0,0,0,0
769,-3.710930347,4.634930611,2,0,1,0,0,0,0,0,0,0,0,0,0,0,0,0,0,1,0
770,0.749786079,0.28732568,1,0,1,0,0,0,0,0,0,0,0,1,0,0,0,0,0,0,0
771,-0.398054332,0.967547715,0,0,1,0,0,0,0,0,0,0,0,1,0,0,0,0,0,0,0
772,-0.160265222,1.425098658,1,0,1,0,0,0,0,0,0,0,0,1,0,0,0,0,0,0,0
773,-4.977292538,5.330904961,1,0,1,0,0,0,0,0,0,0,0,1,0,0,0,0,0,0,0
774,-0.664756715,1.942031145,3,1,0,1,0,0,0,0,0,0,0,0,1,0,0,0,0,0,0
775,0.759105802,-2.151527166,3,1,0,1,0,0,0,0,0,0,0,0,0,1,0,0,0,0,0
776,-4.054769039,5.456001282,2,1,0,1,0,0,0,0,0,0,0,1,0,0,0,0,0,0,0
777,-2.226326942,2.83161974,1,0,1,0,0,0,0,0,0,0,0,1,0,0,0,0,0,0,0
778,-1.669773698,1.64156723,2,1,0,0,0,0,0,0,1,0,0,0,1,0,0,0,0,0,0
779,-0.439373642,2.155512094,0,0,0,1,0,0,0,0,0,0,0,1,0,0,0,0,0,0,0
780,-1.818001866,0.708922207,3,1,0,0,0,0,0,0,1,0,0,1,0,0,0,0,0,0,0
781,-2.999705553,4.670452595,0,0,1,0,0,0,0,0,0,0,0,1,0,0,0,0,0,0,0
782,4.389130116,-1.641033769,3,1,0,0,0,0,0,0,1,0,0,1,0,0,0,0,0,0,0
783,-2.147686005,2.235607862,0,0,0,1,0,0,0,0,0,0,0,1,0,0,0,0,0,0,0
784,-0.804637134,0.481287718,4,1,0,1,0,0,0,0,0,0,0,0,0,0,1,0,0,0,0
785,-3.880147457,2.990745306,2,0,0,0,0,0,0,0,1,0,0,0,0,0,1,0,0,0,0
786,-4.325216293,5.244313717,1,0,0,1,0,0,0,0,0,0,0,0,0,0,1,0,0,0,0
787,1.111313462,1.606364489,2,0,0,1,0,0,0,0,0,0,0,0,0,0,1,0,0,0,0
788,-1.355342507,1.309872508,0,0,0,1,0,0,0,0,0,0,0,1,0,0,0,0,0,0,0
789,-4.078557968,4.782217026,3,1,0,1,0,0,0,0,0,0,0,0,1,0,0,0,0,0,0
790,0.774784148,-0.618864536,2,0,0,1,0,0,0,0,0,0,0,1,0,0,0,0,0,0,0
791,-3.556902647,3.690211296,2,0,0,1,0,0,0,0,0,0,0,0,0,1,0,0,0,0,0
792,-3.689678907,5.997424126,1,0,0,1,0,0,0,0,0,0,0,0,0,1,0,0,0,0,0
793,1.730195761,0.497972906,3,0,0,1,0,0,0,0,0,0,0,0,0,1,0,0,0,0,0
794,-3.191616535,3.374095917,1,0,0,1,0,0,0,0,0,0,0,0,0,1,0,0,0,0,0
795,0.030870456,0.214994758,4,1,0,1,0,0,0,0,0,0,0,0,0,0,0,0,0,1,0
796,0.261405885,1.689166307,1,0,1,0,0,0,0,0,0,0,0,1,0,0,0,0,0,0,0
797,-3.742297649,2.907571077,1,0,0,0,0,1,0,0,0,0,0,1,0,0,0,0,0,0,0
798,0.42585361,-0.412584215,0,0,0,1,0,0,0,0,0,0,0,1,0,0,0,0,0,0,0
799,-2.779140949,1.444507003,4,1,0,0,0,1,0,0,0,0,0,0,0,1,0,0,0,0,0
800,-1.649080992,2.357207537,2,0,0,0,0,1,0,0,0,0,0,0,0,1,0,0,0,0,0
801,-1.699138999,0.666115344,1,0,0,0,0,1,0,0,0,0,0,0,0,1,0,0,0,0,0
802,-2.962010384,3.44861269,3,0,0,0,0,1,0,0,0,0,0,0,0,0,0,1,0,0,0
803,-2.193822145,3.176486254,0,0,0,1,0,0,0,0,0,0,0,0,0,0,0,0,1,0,0
804,-5.413106441,4.432288647,0,0,0,1,0,0,0,0,0,0,0,0,0,0,0,0,1,0,0
805,-4.199924469,3.152667046,3,0,0,0,0,0,0,0,1,0,0,0,0,0,0,0,1,0,0
806,-4.063117504,5.765130043,3,0,0,0,0,0,0,0,1,0,0,0,0,0,0,0,1,0,0
807,-0.997067869,2.925803423,2,0,1,0,0,0,0,0,0,0,0,0,0,0,0,0,1,0,0
808,0.024985988,-0.397153199,4,1,0,1,0,0,0,0,0,0,0,0,0,1,0,0,0,0,0
809,-2.163589239,2.956165314,2,0,0,1,0,0,0,0,0,0,0,0,1,0,0,0,0,0,0
810,-1.354047775,0.278416902,3,0,0,1,0,0,0,0,0,0,0,0,1,0,0,0,0,0,0
811,-1.17971766,0.58260119,3,0,0,0,0,0,0,0,1,0,0,0,0,0,0,0,1,0,0
812,1.195680976,-4.067201614,3,0,0,1,0,0,0,0,0,0,0,0,0,0,0,0,1,0,0
813,-0.028976243,0.088102356,1,0,0,1,0,0,0,0,0,0,0,0,0,1,0,0,0,0,0
814,2.189517736,-1.572666883,3,1,0,1,0,0,0,0,0,0,0,0,1,0,0,0,0,0,0
815,0.74941206,-2.644269943,2,1,0,0,0,0,0,0,1,0,0,1,0,0,0,0,0,0,0
816,-0.175561503,0.194281057,4,1,0,1,0,0,0,0,0,0,0,0,0,0,0,0,1,0,0
817,-3.166456461,2.484364748,2,0,0,1,0,0,0,0,0,0,0,0,0,0,0,0,1,0,0
818,6.311617374,-3.593746901,2,0,0,1,0,0,0,0,0,0,0,1,0,0,0,0,0,0,0
819,1.023969889,-0.766847789,3,1,0,1,0,0,0,0,0,0,0,0,0,0,0,0,1,0,0
820,5.403508186,-6.577240944,2,0,0,1,0,0,0,0,0,0,0,1,0,0,0,0,0,0,0
821,-3.294443369,3.366755962,2,1,0,1,0,0,0,0,0,0,0,0,0,0,0,1,0,0,0
822,-0.250447243,0.877518952,0,0,0,1,0,0,0,0,0,0,0,1,0,0,0,0,0,0,0
823,10.81550217,-5.580582142,0,0,0,1,0,0,0,0,0,0,0,1,0,0,0,0,0,0,0
824,10.05908394,-7.272772789,0,0,0,1,0,0,0,0,0,0,0,1,0,0,0,0,0,0,0
825,-1.013646722,1.630266905,0,0,0,1,0,0,0,0,0,0,0,1,0,0,0,0,0,0,0
826,-2.333459854,2.045467138,3,1,0,1,0,0,0,0,0,0,0,1,0,0,0,0,0,0,0
827,4.593319416,-5.936617851,0,0,0,1,0,0,0,0,0,0,0,0,0,0,0,0,0,1,0
828,0.992194176,2.136184931,3,0,0,1,0,0,0,0,0,0,0,0,0,0,1,0,0,0,0
829,-2.340754032,4.61147213,3,1,0,1,0,0,0,0,0,0,0,0,0,0,1,0,0,0,0
830,-0.594798326,0.444096833,2,0,0,1,0,0,0,0,0,0,0,0,0,0,1,0,0,0,0
831,-0.949391186,1.430354357,3,1,0,1,0,0,0,0,0,0,0,0,0,0,1,0,0,0,0
832,-1.861720562,1.217969656,2,1,0,1,0,0,0,0,0,0,0,0,0,0,1,0,0,0,0
833,0.269953132,-0.620913148,1,0,0,1,0,0,0,0,0,0,0,0,0,0,1,0,0,0,0
834,5.995527267,0.021988975,2,1,0,1,0,0,0,0,0,0,0,0,0,0,1,0,0,0,0
835,-0.985003054,2.931679964,1,0,0,1,0,0,0,0,0,0,0,0,1,0,0,0,0,0,0
836,0.590783894,-2.364108324,2,0,0,1,0,0,0,0,0,0,0,1,0,0,0,0,0,0,0
837,6.448095798,-4.438638687,0,0,0,1,0,0,0,0,0,0,0,1,0,0,0,0,0,0,0
838,-1.133103967,2.831229687,3,1,0,1,0,0,0,0,0,0,0,0,0,0,1,0,0,0,0
839,1.451275826,1.939185262,2,1,0,1,0,0,0,0,0,0,0,0,0,0,1,0,0,0,0
840,-0.017141208,1.917568445,0,0,0,1,0,0,0,0,0,0,0,1,0,0,0,0,0,0,0
841,0.987759709,4.174911499,3,1,0,1,0,0,0,0,0,0,0,0,0,0,0,0,0,1,0
842,-4.684434414,4.902380466,2,1,0,1,0,0,0,0,0,0,0,0,1,0,0,0,0,0,0
843,-5.09159565,3.44889307,1,0,0,1,0,0,0,0,0,0,0,1,0,0,0,0,0,0,0
844,4.2138834,-0.726148188,0,0,0,1,0,0,0,0,0,0,0,1,0,0,0,0,0,0,0
845,-1.963470221,3.460387468,0,0,0,1,0,0,0,0,0,0,0,1,0,0,0,0,0,0,0
846,2.657660484,-0.325736672,3,0,0,1,0,0,0,0,0,0,0,0,0,1,0,0,0,0,0
847,-2.665860653,3.224461317,3,0,0,1,0,0,0,0,0,0,0,0,0,1,0,0,0,0,0
848,-1.367213607,2.338551283,2,0,0,1,0,0,0,0,0,0,0,1,0,0,0,0,0,0,0
849,0.201473489,-0.371064842,0,0,0,1,0,0,0,0,0,0,0,1,0,0,0,0,0,0,0
850,0.921711743,0.175196826,0,0,0,1,0,0,0,0,0,0,0,1,0,0,0,0,0,0,0
851,1.825407386,-0.333105296,1,0,0,1,0,0,0,0,0,0,0,1,0,0,0,0,0,0,0
852,1.563364387,-2.578730345,0,0,0,1,0,0,0,0,0,0,0,1,0,0,0,0,0,0,0
853,-5.100241661,5.855643272,1,0,0,1,0,0,0,0,0,0,0,0,0,0,1,0,0,0,0
854,4.665626526,-1.487959385,4,1,0,1,0,0,0,0,0,0,0,0,0,0,1,0,0,0,0
855,-3.988629103,3.652562618,2,0,0,1,0,0,0,0,0,0,0,0,1,0,0,0,0,0,0
856,-1.669028878,1.220169425,2,0,0,1,0,0,0,0,0,0,0,1,0,0,0,0,0,0,0
857,-2.242335796,5.096443653,3,1,0,1,0,0,0,0,0,0,0,0,0,0,1,0,0,0,0
858,2.725534439,-3.975150585,2,1,0,1,0,0,0,0,0,0,0,0,0,0,1,0,0,0,0
859,1.329082489,-0.578043461,0,0,0,1,0,0,0,0,0,0,0,1,0,0,0,0,0,0,0
860,-4.804741859,6.166280746,3,0,0,1,0,0,0,0,0,0,0,0,0,0,0,0,1,0,0
861,-3.053640127,4.797953129,2,0,0,1,0,0,0,0,0,0,0,0,0,0,0,0,1,0,0
862,1.899211764,1.247611046,2,0,0,1,0,0,0,0,0,0,0,0,0,0,0,0,1,0,0
863,-4.055245399,7.481020451,1,0,0,1,0,0,0,0,0,0,0,0,1,0,0,0,0,0,0
864,-3.014077187,3.475607157,0,0,0,1,0,0,0,0,0,0,0,0,0,0,0,0,1,0,0
865,-2.818410397,3.083876848,4,1,0,1,0,0,0,0,0,0,0,0,0,0,0,0,1,0,0
866,-3.607690573,3.303421021,3,1,0,1,0,0,0,0,0,0,0,0,0,0,0,0,1,0,0
867,3.283965588,-1.454722404,1,0,0,1,0,0,0,0,0,0,0,1,0,0,0,0,0,0,0
868,0.875948608,2.368435383,4,1,0,1,0,0,0,0,0,0,0,1,0,0,0,0,0,0,0
869,-2.905343533,3.809069872,3,1,0,0,0,0,0,0,1,0,0,0,1,0,0,0,0,0,0
870,-5.135050774,4.672295094,3,0,0,1,0,0,0,0,0,0,0,0,1,0,0,0,0,0,0
871,0.370592386,0.905820131,3,1,0,0,0,0,0,0,1,0,0,0,1,0,0,0,0,0,0
872,-6.731454849,7.644244671,2,1,0,1,0,0,0,0,0,0,0,0,0,0,0,0,1,0,0
873,3.043374777,2.744299173,0,0,0,1,0,0,0,0,0,0,0,1,0,0,0,0,0,0,0
874,2.479635239,-0.415185213,0,0,0,1,0,0,0,0,0,0,0,1,0,0,0,0,0,0,0
875,-4.841602802,4.417431831,4,1,0,1,0,0,0,0,0,0,0,1,0,0,0,0,0,0,0
876,0.528869212,0.544140279,0,0,0,1,0,0,0,0,0,0,0,0,0,0,1,0,0,0,0
877,-1.983934283,2.848194838,0,0,0,1,0,0,0,0,0,0,0,0,0,0,0,0,0,1,0
878,-0.476578921,2.380311966,0,0,0,1,0,0,0,0,0,0,0,0,0,0,1,0,0,0,0
879,-0.223234385,2.133046865,3,1,0,1,0,0,0,0,0,0,0,0,0,0,1,0,0,0,0
880,-5.858089447,4.833333015,1,0,0,1,0,0,0,0,0,0,0,0,0,0,1,0,0,0,0
881,-3.026822805,2.524374485,4,1,0,1,0,0,0,0,0,0,0,0,0,0,1,0,0,0,0
882,-2.21725297,3.162974834,4,1,0,1,0,0,0,0,0,0,0,0,0,0,1,0,0,0,0
883,-0.091574401,0.610453427,4,1,0,1,0,0,0,0,0,0,0,0,0,0,1,0,0,0,0
884,-1.24720633,2.861689329,3,1,0,1,0,0,0,0,0,0,0,0,0,0,0,0,0,1,0
885,1.079343677,-0.0244323,0,0,0,1,0,0,0,0,0,0,0,1,0,0,0,0,0,0,0
886,-2.991239071,1.467428803,3,1,0,1,0,0,0,0,0,0,0,1,0,0,0,0,0,0,0
887,5.237565994,-2.026780367,0,0,0,1,0,0,0,0,0,0,0,1,0,0,0,0,0,0,0
888,3.735131502,-1.505392432,0,0,0,1,0,0,0,0,0,0,0,1,0,0,0,0,0,0,0
889,4.656254768,-3.087847471,1,0,0,1,0,0,0,0,0,0,0,1,0,0,0,0,0,0,0
890,2.607559681,-0.141706824,0,0,0,1,0,0,0,0,0,0,0,1,0,0,0,0,0,0,0
891,1.39434731,-1.306154728,0,0,0,1,0,0,0,0,0,0,0,1,0,0,0,0,0,0,0
892,2.613936186,-3.138387918,1,0,0,1,0,0,0,0,0,0,0,1,0,0,0,0,0,0,0
893,3.776405334,-2.372447729,0,0,0,1,0,0,0,0,0,0,0,0,0,0,0,0,0,1,0
894,-4.942749977,5.129723549,0,0,0,1,0,0,0,0,0,0,0,1,0,0,0,0,0,0,0
895,-2.599991798,1.524166584,4,1,0,1,0,0,0,0,0,0,0,0,0,0,0,0,0,1,0
896,-4.479532719,2.427044153,3,0,0,1,0,0,0,0,0,0,0,1,0,0,0,0,0,0,0
897,-3.016434669,3.566379309,0,0,0,1,0,0,0,0,0,0,0,0,0,0,0,0,0,1,0
898,-4.554903984,6.118274212,4,1,0,1,0,0,0,0,0,0,0,1,0,0,0,0,0,0,0
899,-2.985799313,3.224874973,2,1,0,1,0,0,0,0,0,0,0,1,0,0,0,0,0,0,0
900,-1.401283383,2.47259903,3,1,0,1,0,0,0,0,0,0,0,0,0,0,1,0,0,0,0
901,-3.760689974,4.55375433,0,0,0,1,0,0,0,0,0,0,0,0,0,0,0,0,0,1,0
902,-0.909926832,-0.058764007,1,0,0,1,0,0,0,0,0,0,0,1,0,0,0,0,0,0,0
903,1.954323649,-4.45923233,0,0,0,1,0,0,0,0,0,0,0,1,0,0,0,0,0,0,0
904,-0.063723132,0.391695946,3,0,0,1,0,0,0,0,0,0,0,1,0,0,0,0,0,0,0
905,-3.903502464,4.773839951,0,0,0,1,0,0,0,0,0,0,0,1,0,0,0,0,0,0,0
906,-1.977243543,1.579977512,0,0,0,1,0,0,0,0,0,0,0,1,0,0,0,0,0,0,0
907,-2.984629631,3.865071774,0,0,0,1,0,0,0,0,0,0,0,0,1,0,0,0,0,0,0
908,4.068656921,-0.86950767,0,0,0,1,0,0,0,0,0,0,0,1,0,0,0,0,0,0,0
909,2.308644056,-1.99556756,4,1,0,0,0,0,0,0,1,0,0,0,0,0,0,0,0,1,0
910,-0.896258652,-0.909312904,4,1,0,1,0,0,0,0,0,0,0,1,0,0,0,0,0,0,0
911,-3.085007429,1.714031696,3,0,0,1,0,0,0,0,0,0,0,0,0,0,0,0,0,1,0
912,-0.628951073,-0.227906272,3,0,0,1,0,0,0,0,0,0,0,0,0,0,0,0,0,1,0
913,-4.441504955,6.283211708,1,0,0,1,0,0,0,0,0,0,0,0,1,0,0,0,0,0,0
914,1.046192527,0.640890718,0,0,0,1,0,0,0,0,0,0,0,1,0,0,0,0,0,0,0
915,0.294324487,-1.28896904,0,0,0,1,0,0,0,0,0,0,0,1,0,0,0,0,0,0,0
916,-2.934818506,2.296171427,4,1,0,1,0,0,0,0,0,0,0,0,0,0,0,0,0,1,0
917,1.636765242,-0.301204205,2,0,0,1,0,0,0,0,0,0,0,0,1,0,0,0,0,0,0
918,0.929184258,-1.970648885,3,1,0,1,0,0,0,0,0,0,0,0,1,0,0,0,0,0,0
919,11.59459877,-12.70839882,0,0,0,0,0,0,0,0,1,0,0,1,0,0,0,0,0,0,0
920,1.680207133,-0.770335913,4,1,0,1,0,0,0,0,0,0,0,0,0,0,0,0,0,1,0
921,-2.038622379,2.0088799,0,0,0,1,0,0,0,0,0,0,0,1,0,0,0,0,0,0,0
922,-2.427867413,1.991364479,2,0,0,1,0,0,0,0,0,0,0,0,0,0,0,0,0,1,0
923,-4.38762331,5.451546192,2,0,0,1,0,0,0,0,0,0,0,1,0,0,0,0,0,0,0
924,-0.971450925,-1.87449193,0,0,0,1,0,0,0,0,0,0,0,1,0,0,0,0,0,0,0
925,-0.88360709,1.250869274,2,0,0,1,0,0,0,0,0,0,0,1,0,0,0,0,0,0,0
926,-0.299066752,-2.707930326,0,0,0,1,0,0,0,0,0,0,0,1,0,0,0,0,0,0,0
927,-2.337624788,2.88827157,3,0,0,1,0,0,0,0,0,0,0,0,1,0,0,0,0,0,0
928,-0.80918324,0.499117374,2,0,0,1,0,0,0,0,0,0,0,0,0,0,0,0,0,1,0
929,5.10199213,-6.686581612,0,0,0,1,0,0,0,0,0,0,0,1,0,0,0,0,0,0,0
930,-1.2417624,0.782297909,3,0,0,1,0,0,0,0,0,0,0,1,0,0,0,0,0,0,0
931,3.161590815,-4.973566532,0,0,0,1,0,0,0,0,0,0,0,1,0,0,0,0,0,0,0
932,-0.037761547,1.133807659,3,1,0,1,0,0,0,0,0,0,0,0,0,0,0,0,1,0,0
933,-0.49776414,1.879059792,3,1,0,1,0,0,0,0,0,0,0,0,1,0,0,0,0,0,0
934,4.918018341,-3.654625893,3,1,0,1,0,0,0,0,0,0,0,0,0,1,0,0,0,0,0
935,1.136774302,1.664785385,0,0,0,1,0,0,0,0,0,0,0,1,0,0,0,0,0,0,0
936,-1.600714922,2.319801807,0,0,0,1,0,0,0,0,0,0,0,0,0,0,0,0,1,0,0
937,-3.808177948,3.293070793,0,0,0,1,0,0,0,0,0,0,0,0,0,0,0,0,1,0,0
938,-1.500133872,2.0952003,4,1,0,1,0,0,0,0,0,0,0,0,0,0,1,0,0,0,0
939,-3.565991879,2.619187832,4,1,0,0,0,0,0,0,1,0,0,0,0,0,1,0,0,0,0
940,-0.705767095,1.397544265,0,0,1,0,0,0,0,0,0,0,0,0,0,0,1,0,0,0,0
941,0.745053947,1.677155137,1,0,1,0,0,0,0,0,0,0,0,0,0,0,1,0,0,0,0
942,-3.244821787,3.642500639,0,0,0,1,0,0,0,0,0,0,0,0,0,0,0,0,0,1,0
943,1.823508024,1.406190038,0,0,0,1,0,0,0,0,0,0,0,1,0,0,0,0,0,0,0
944,-2.180176973,4.517949104,0,0,0,1,0,0,0,0,0,0,0,1,0,0,0,0,0,0,0
945,2.402474403,1.472448587,0,0,0,0,0,0,0,0,1,0,0,1,0,0,0,0,0,0,0
946,-1.321265817,1.894177198,0,0,0,0,0,0,0,0,1,0,0,0,0,0,0,1,0,0,0
947,-2.254261971,2.243777275,2,0,0,0,0,0,0,0,1,0,0,0,0,0,0,1,0,0,0
948,-3.232641697,4.536751747,0,0,0,1,0,0,0,0,0,0,0,1,0,0,0,0,0,0,0
949,-3.154576302,2.556589127,0,0,0,1,0,0,0,0,0,0,0,0,0,1,0,0,0,0,0
950,-5.06096983,3.2525208,4,1,1,0,0,0,0,0,0,0,0,0,0,1,0,0,0,0,0
951,0.372497737,2.534265041,1,0,0,1,0,0,0,0,0,0,0,1,0,0,0,0,0,0,0
952,-7.225029469,9.57967186,1,0,0,0,0,0,0,0,1,0,0,0,0,0,0,1,0,0,0
953,-6.5347929,4.975345135,4,0,0,0,0,0,0,0,1,0,0,0,0,1,0,0,0,0,0
954,-5.291781425,4.626598835,3,0,0,1,0,0,0,0,0,0,0,0,0,1,0,0,0,0,0
955,-5.072040081,4.520172119,3,0,0,1,0,0,0,0,0,0,0,0,0,1,0,0,0,0,0
956,-4.974543571,5.856728077,4,1,0,1,0,0,0,0,0,0,0,0,0,1,0,0,0,0,0
957,-5.925617218,5.843978405,4,1,0,0,0,1,0,0,0,0,0,0,0,0,0,0,0,1,0
958,-4.586877346,6.727684498,4,0,0,0,0,1,0,0,0,0,0,0,0,0,0,1,0,0,0
959,-5.199383736,3.877182961,3,0,1,0,0,0,0,0,0,0,0,0,1,0,0,0,0,0,0
960,-6.511399269,4.602413177,4,0,1,0,0,0,0,0,0,0,0,0,1,0,0,0,0,0,0
961,-2.060417652,2.852210522,4,1,0,1,0,0,0,0,0,0,0,0,0,0,0,0,0,1,0
962,1.155772567,0.200344503,4,1,0,0,0,0,0,0,1,0,0,0,0,0,0,0,0,1,0
963,-1.116993666,2.133014917,3,0,1,0,0,0,0,0,0,0,0,0,0,1,0,0,0,0,0
964,-2.465557098,4.18650341,0,0,1,0,0,0,0,0,0,0,0,1,0,0,0,0,0,0,0
965,-2.425638676,3.422038794,2,0,0,1,0,0,0,0,0,0,0,0,0,0,1,0,0,0,0
966,0.077856347,-0.784113228,2,0,0,0,0,0,0,0,1,0,0,1,0,0,0,0,0,0,0
967,2.898421526,-1.210489154,3,0,0,1,0,0,0,0,0,0,0,1,0,0,0,0,0,0,0
968,4.685700893,-0.718819678,0,0,0,1,0,0,0,0,0,0,0,1,0,0,0,0,0,0,0
969,-2.136627197,3.895803928,1,0,0,1,0,0,0,0,0,0,0,0,0,0,0,0,1,0,0
970,-3.055671692,2.031323195,3,0,0,1,0,0,0,0,0,0,0,0,0,0,0,0,1,0,0
971,-4.84203434,7.207471848,3,0,0,0,0,0,0,0,1,0,0,0,0,0,1,0,0,0,0
972,-0.53659004,1.506051421,3,0,0,0,0,0,0,0,1,0,0,0,0,0,1,0,0,0,0
973,-6.152200699,7.33027935,3,0,0,0,0,0,0,0,1,0,0,0,0,0,1,0,0,0,0
974,-6.25714016,5.77647543,2,0,0,0,0,0,0,0,1,0,0,0,0,0,1,0,0,0,0
975,-1.455830455,1.084147692,2,0,0,0,0,0,0,0,1,0,0,0,0,0,1,0,0,0,0
976,-3.776032925,2.225003719,2,0,0,0,0,0,0,0,1,0,0,0,0,0,1,0,0,0,0
977,1.704638004,0.727084875,4,1,0,0,0,0,0,0,1,0,0,0,0,0,1,0,0,0,0
978,-0.272822887,0.469704866,3,1,1,0,0,0,0,0,0,0,0,1,0,0,0,0,0,0,0
979,-4.753873348,5.442774773,2,0,1,0,0,0,0,0,0,0,0,1,0,0,0,0,0,0,0
980,-0.831306815,1.466711164,1,0,0,1,0,0,0,0,0,0,0,0,0,1,0,0,0,0,0
981,-2.728922129,1.937388659,0,0,0,1,0,0,0,0,0,0,0,1,0,0,0,0,0,0,0
982,-0.966605842,-0.540544569,0,0,0,1,0,0,0,0,0,0,0,1,0,0,0,0,0,0,0
983,3.255449772,1.172968626,0,0,0,1,0,0,0,0,0,0,0,1,0,0,0,0,0,0,0
984,-5.748486519,5.246677876,1,0,0,0,0,0,0,0,1,0,0,0,0,0,0,0,0,1,0
985,0.695205271,2.561151266,1,0,1,0,0,0,0,0,0,0,0,0,0,0,0,0,0,1,0
986,-4.255356312,4.109376907,2,0,0,0,0,0,0,0,1,0,0,0,1,0,0,0,0,0,0
987,-0.851015687,3.12806344,1,0,0,0,0,0,0,0,1,0,0,0,1,0,0,0,0,0,0
988,-2.558639765,1.659083605,3,0,0,1,0,0,0,0,0,0,0,0,0,1,0,0,0,0,0
989,-0.686273992,-1.537520051,2,0,1,0,0,0,0,0,0,0,0,1,0,0,0,0,0,0,0
990,6.034127712,-4.50581789,4,0,0,0,0,0,0,0,1,0,0,1,0,0,0,0,0,0,0
991,-1.12109375,0.801184356,2,0,0,0,0,0,0,0,1,0,0,0,0,1,0,0,0,0,0
992,-0.054058645,0.396537602,3,0,0,0,0,0,0,0,1,0,0,0,0,0,0,0,1,0,0
993,2.0312953,-3.10458827,4,1,0,1,0,0,0,0,0,0,0,0,0,0,0,0,1,0,0
994,-0.729982793,0.458332002,1,0,1,0,0,0,0,0,0,0,0,1,0,0,0,0,0,0,0
995,1.176056266,-0.928487182,0,0,0,1,0,0,0,0,0,0,0,1,0,0,0,0,0,0,0
996,6.617146492,-4.582170486,0,0,1,0,0,0,0,0,0,0,0,1,0,0,0,0,0,0,0
997,-0.486985952,-0.353733331,0,0,1,0,0,0,0,0,0,0,0,1,0,0,0,0,0,0,0
998,-1.003571391,0.958565176,0,0,0,1,0,0,0,0,0,0,0,1,0,0,0,0,0,0,0
999,-1.848546147,4.462149143,1,0,0,1,0,0,0,0,0,0,0,0,0,1,0,0,0,0,0
1000,2.345988274,-1.009680867,2,0,0,1,0,0,0,0,0,0,0,0,0,1,0,0,0,0,0
1001,2.065826178,-0.548439205,3,1,0,0,0,0,0,0,1,0,0,1,0,0,0,0,0,0,0
1002,-0.844637573,-0.629625678,1,0,1,0,0,0,0,0,0,0,0,0,0,1,0,0,0,0,0
1003,1.336248159,-0.194298387,0,0,0,1,0,0,0,0,0,0,0,1,0,0,0,0,0,0,0
1004,0.374255598,-0.959646881,0,0,1,0,0,0,0,0,0,0,0,1,0,0,0,0,0,0,0
1005,2.588805437,-2.874677896,0,0,1,0,0,0,0,0,0,0,0,1,0,0,0,0,0,0,0
1006,-0.813492835,0.960991025,3,1,0,1,0,0,0,0,0,0,0,0,0,1,0,0,0,0,0
1007,0.603493929,1.828913331,3,1,0,1,0,0,0,0,0,0,0,0,0,1,0,0,0,0,0
1008,-1.713152766,2.710916758,0,0,1,0,0,0,0,0,0,0,0,0,0,1,0,0,0,0,0
1009,-1.94562614,0.59312433,1,0,1,0,0,0,0,0,0,0,0,0,0,1,0,0,0,0,0
1010,-1.911576867,2.026225805,3,1,0,1,0,0,0,0,0,0,0,0,0,0,0,0,0,1,0
1011,-2.132777214,1.920895338,3,1,0,1,0,0,0,0,0,0,0,0,0,0,0,0,0,1,0
1012,-1.04112184,0.631174266,3,1,0,1,0,0,0,0,0,0,0,0,1,0,0,0,0,0,0
1013,-2.722262383,3.186267853,0,0,1,0,0,0,0,0,0,0,0,0,0,1,0,0,0,0,0
1014,-2.832867861,3.284806728,4,1,0,0,0,0,0,0,1,0,0,1,0,0,0,0,0,0,0
1015,-1.357990742,2.769334555,0,0,0,1,0,0,0,0,0,0,0,1,0,0,0,0,0,0,0
1016,-1.264808893,-0.033198204,0,0,0,1,0,0,0,0,0,0,0,1,0,0,0,0,0,0,0
1017,-2.866345406,3.992917061,0,0,0,1,0,0,0,0,0,0,0,1,0,0,0,0,0,0,0
1018,0.203234553,1.266328096,3,1,0,1,0,0,0,0,0,0,0,1,0,0,0,0,0,0,0
1019,-3.460602283,3.81050992,1,0,0,1,0,0,0,0,0,0,0,1,0,0,0,0,0,0,0
1020,-2.985244751,3.095721245,0,0,0,1,0,0,0,0,0,0,0,0,0,0,1,0,0,0,0
1021,-2.143910408,1.610969424,4,1,0,1,0,0,0,0,0,0,0,0,0,0,1,0,0,0,0
1022,-2.954078674,4.454882145,0,0,0,1,0,0,0,0,0,0,0,1,0,0,0,0,0,0,0
1023,-2.502892017,2.532124043,4,1,0,1,0,0,0,0,0,0,0,1,0,0,0,0,0,0,0
1024,-0.264868975,0.760536969,3,1,0,1,0,0,0,0,0,0,0,1,0,0,0,0,0,0,0
1025,4.113305092,-0.041293379,1,0,0,1,0,0,0,0,0,0,0,0,0,0,1,0,0,0,0
1026,-2.994989395,2.609053612,4,1,0,1,0,0,0,0,0,0,0,0,0,0,1,0,0,0,0
1027,-1.200870633,1.510599136,4,1,0,1,0,0,0,0,0,0,0,0,0,0,0,0,0,1,0
1028,-5.7847929,6.028437138,2,1,0,1,0,0,0,0,0,0,0,0,0,0,1,0,0,0,0
1029,-4.438519478,2.907694578,4,1,0,1,0,0,0,0,0,0,0,0,0,0,1,0,0,0,0
1030,-2.630529642,2.694574594,0,0,0,1,0,0,0,0,0,0,0,0,0,0,1,0,0,0,0
1031,-1.867646217,5.487163544,4,1,0,1,0,0,0,0,0,0,0,0,0,0,0,0,0,1,0
1032,5.866225719,-0.940693915,0,0,0,1,0,0,0,0,0,0,0,0,0,0,1,0,0,0,0
1033,0.568051934,0.232884124,4,1,0,1,0,0,0,0,0,0,0,0,0,0,1,0,0,0,0
1034,-1.697634459,1.920404553,2,0,0,1,0,0,0,0,0,0,0,1,0,0,0,0,0,0,0
1035,-3.814717054,2.98589921,3,0,0,1,0,0,0,0,0,0,0,0,0,1,0,0,0,0,0
1036,0.463162184,0.913835526,3,0,0,1,0,0,0,0,0,0,0,1,0,0,0,0,0,0,0
1037,-1.215680003,1.326291919,4,1,0,1,0,0,0,0,0,0,0,0,0,1,0,0,0,0,0
1038,0.714346409,1.281475186,0,0,0,1,0,0,0,0,0,0,0,1,0,0,0,0,0,0,0
1039,1.147836566,-0.14106667,0,0,0,1,0,0,0,0,0,0,0,1,0,0,0,0,0,0,0
1040,-0.548978448,1.248028755,0,0,0,1,0,0,0,0,0,0,0,1,0,0,0,0,0,0,0
1041,-3.557331085,4.017382622,3,1,0,1,0,0,0,0,0,0,0,0,0,0,1,0,0,0,0
1042,-1.310029745,0.342880756,0,0,0,1,0,0,0,0,0,0,0,1,0,0,0,0,0,0,0
1043,-4.802574158,3.522209883,4,1,0,1,0,0,0,0,0,0,0,0,0,0,1,0,0,0,0
1044,-1.53640759,2.251808643,3,1,0,1,0,0,0,0,0,0,0,1,0,0,0,0,0,0,0
1045,-3.382688999,2.275371552,1,0,0,1,0,0,0,0,0,0,0,1,0,0,0,0,0,0,0
1046,-1.587176561,1.820315003,0,0,0,1,0,0,0,0,0,0,0,1,0,0,0,0,0,0,0
1047,-2.741070032,3.197057724,2,0,0,1,0,0,0,0,0,0,0,1,0,0,0,0,0,0,0
1048,-0.618423641,-0.631409347,0,0,0,1,0,0,0,0,0,0,0,1,0,0,0,0,0,0,0
1049,-1.616746545,4.735343456,3,1,0,1,0,0,0,0,0,0,0,1,0,0,0,0,0,0,0
1050,0.882618666,0.950022161,0,0,0,1,0,0,0,0,0,0,0,1,0,0,0,0,0,0,0
1051,-1.37910378,-2.538913965,3,1,0,1,0,0,0,0,0,0,0,1,0,0,0,0,0,0,0
1052,-4.059549332,4.448281765,3,1,0,1,0,0,0,0,0,0,0,1,0,0,0,0,0,0,0
1053,-4.479281902,4.123647213,2,0,1,0,0,0,0,0,0,0,0,0,1,0,0,0,0,0,0
1054,-1.437121987,1.746064544,2,0,0,1,0,0,0,0,0,0,0,0,1,0,0,0,0,0,0
1055,-0.591918468,1.592905045,2,0,0,1,0,0,0,0,0,0,0,0,1,0,0,0,0,0,0
1056,-2.09726429,1.158174038,0,0,0,1,0,0,0,0,0,0,0,1,0,0,0,0,0,0,0
1057,-1.713503718,0.724747896,0,0,0,1,0,0,0,0,0,0,0,1,0,0,0,0,0,0,0
1058,-1.923118472,4.731354237,0,0,0,1,0,0,0,0,0,0,0,1,0,0,0,0,0,0,0
1059,-0.761676371,1.186478615,0,0,0,1,0,0,0,0,0,0,0,1,0,0,0,0,0,0,0
1060,-5.071674824,4.158925533,0,0,0,1,0,0,0,0,0,0,0,1,0,0,0,0,0,0,0
1061,-0.073642805,-0.939632058,0,0,0,1,0,0,0,0,0,0,0,1,0,0,0,0,0,0,0
1062,-1.212165475,1.264602184,2,0,0,1,0,0,0,0,0,0,0,1,0,0,0,0,0,0,0
1063,-1.719765067,2.840427637,0,0,0,1,0,0,0,0,0,0,0,1,0,0,0,0,0,0,0
1064,-2.446753263,2.912976027,0,0,0,1,0,0,0,0,0,0,0,1,0,0,0,0,0,0,0
1065,-1.557104468,2.542324781,3,0,0,1,0,0,0,0,0,0,0,1,0,0,0,0,0,0,0
1066,0.010239732,0.802279592,4,0,0,1,0,0,0,0,0,0,0,0,0,0,0,0,0,1,0
1067,-3.951609135,3.591911077,0,0,1,0,0,0,0,0,0,0,0,1,0,0,0,0,0,0,0
1068,-0.907239377,-1.274428129,0,0,0,1,0,0,0,0,0,0,0,1,0,0,0,0,0,0,0
1069,-5.017838478,5.973526955,2,0,0,1,0,0,0,0,0,0,0,1,0,0,0,0,0,0,0
1070,-3.136960745,3.043330431,0,0,0,1,0,0,0,0,0,0,0,1,0,0,0,0,0,0,0
1071,-2.208896875,2.810722351,0,0,0,1,0,0,0,0,0,0,0,1,0,0,0,0,0,0,0
1072,0.050430771,0.974039674,0,0,0,1,0,0,0,0,0,0,0,1,0,0,0,0,0,0,0
1073,-1.607009292,2.347356319,0,0,0,1,0,0,0,0,0,0,0,1,0,0,0,0,0,0,0
1074,-1.621916652,2.243895769,0,0,0,1,0,0,0,0,0,0,0,1,0,0,0,0,0,0,0
1075,-2.445840359,5.748318195,2,0,0,1,0,0,0,0,0,0,0,1,0,0,0,0,0,0,0
1076,-3.519819021,6.077239037,3,1,0,1,0,0,0,0,0,0,0,1,0,0,0,0,0,0,0
1077,-1.122983098,2.207378626,0,0,0,1,0,0,0,0,0,0,0,1,0,0,0,0,0,0,0
1078,-1.461285353,0.785161972,2,0,0,1,0,0,0,0,0,0,0,1,0,0,0,0,0,0,0
1079,-0.786917508,0.542374313,0,0,0,1,0,0,0,0,0,0,0,1,0,0,0,0,0,0,0
1080,-2.447588682,1.354548454,2,1,0,1,0,0,0,0,0,0,0,1,0,0,0,0,0,0,0
1081,-4.93894577,5.470734596,3,0,0,1,0,0,0,0,0,0,0,1,0,0,0,0,0,0,0
1082,-2.582428217,3.162666559,0,0,0,1,0,0,0,0,0,0,0,0,1,0,0,0,0,0,0
1083,-1.58619833,2.913663149,0,0,0,1,0,0,0,0,0,0,0,1,0,0,0,0,0,0,0
1084,-0.561764598,1.49569881,0,0,0,1,0,0,0,0,0,0,0,1,0,0,0,0,0,0,0
1085,1.062443018,1.243301988,1,0,0,1,0,0,0,0,0,0,0,1,0,0,0,0,0,0,0
1086,-2.880962372,4.285367012,0,0,0,1,0,0,0,0,0,0,0,1,0,0,0,0,0,0,0
1087,-0.334800214,2.226652384,4,1,0,0,0,0,0,0,1,0,0,1,0,0,0,0,0,0,0
1088,-1.28017056,1.178720713,3,1,0,0,0,0,0,0,1,0,0,1,0,0,0,0,0,0,0
1089,-2.638075113,1.247866273,2,0,0,0,0,0,0,0,1,0,0,1,0,0,0,0,0,0,0
1090,0.215841368,-0.670425534,0,0,0,1,0,0,0,0,0,0,0,1,0,0,0,0,0,0,0
1091,-2.070892334,1.977754951,0,0,0,0,0,0,0,0,1,0,0,1,0,0,0,0,0,0,0
1092,-2.996582031,2.507870436,3,1,0,1,0,0,0,0,0,0,0,1,0,0,0,0,0,0,0
1093,-1.946443439,-1.489595175,3,0,0,1,0,0,0,0,0,0,0,1,0,0,0,0,0,0,0
1094,-2.456515312,0.741917431,2,0,0,1,0,0,0,0,0,0,0,1,0,0,0,0,0,0,0
1095,-2.757415056,4.965797424,0,0,0,1,0,0,0,0,0,0,0,1,0,0,0,0,0,0,0
1096,-0.599735558,4.088931561,0,0,1,0,0,0,0,0,0,0,0,1,0,0,0,0,0,0,0
1097,-3.916711807,3.591228962,0,0,0,1,0,0,0,0,0,0,0,1,0,0,0,0,0,0,0
1098,-4.081088066,2.859484911,2,0,0,0,0,0,0,0,1,0,0,1,0,0,0,0,0,0,0
1099,-5.743197441,6.930608273,4,1,0,0,0,0,1,0,0,0,0,1,0,0,0,0,0,0,0
1100,-1.27514267,0.732426107,3,1,0,0,0,0,0,0,1,0,0,0,0,0,0,1,0,0,0
1101,-4.07459116,8.25605011,4,1,0,1,0,0,0,0,0,0,0,1,0,0,0,0,0,0,0
1102,3.399097919,-3.773774624,3,1,0,1,0,0,0,0,0,0,0,1,0,0,0,0,0,0,0
1103,-1.343485355,0.999141991,0,0,0,1,0,0,0,0,0,0,0,0,0,0,1,0,0,0,0
1104,-0.364664465,0.204364359,0,0,0,1,0,0,0,0,0,0,0,0,0,0,1,0,0,0,0
1105,-1.03361237,-0.50234592,4,0,0,1,0,0,0,0,0,0,0,0,0,0,1,0,0,0,0
1106,-3.69712019,5.00605011,2,0,1,0,0,0,0,0,0,0,0,0,0,0,1,0,0,0,0
1107,-2.310569525,1.766134739,2,0,0,1,0,0,0,0,0,0,0,0,0,0,1,0,0,0,0
1108,-1.249261141,1.26990056,2,0,0,1,0,0,0,0,0,0,0,0,0,0,1,0,0,0,0
1109,4.851229668,-2.490269899,1,0,0,1,0,0,0,0,0,0,0,0,0,0,1,0,0,0,0
1110,-0.574773192,-0.640634239,4,1,0,0,0,1,0,0,0,0,0,0,0,0,1,0,0,0,0
1111,2.195567608,-2.369333029,2,0,1,0,0,0,0,0,0,0,0,1,0,0,0,0,0,0,0
1112,3.104331255,0.722346961,2,0,1,0,0,0,0,0,0,0,0,1,0,0,0,0,0,0,0
1113,0.255330592,0.718097508,3,1,0,1,0,0,0,0,0,0,0,0,0,0,0,1,0,0,0
1114,0.595811069,-1.989715338,0,0,0,1,0,0,0,0,0,0,0,1,0,0,0,0,0,0,0
1115,1.877458811,-0.03721945,4,1,0,1,0,0,0,0,0,0,0,0,0,0,1,0,0,0,0
1116,-4.288853645,3.291400194,2,0,1,0,0,0,0,0,0,0,0,1,0,0,0,0,0,0,0
1117,-3.063022614,4.737586498,0,0,0,1,0,0,0,0,0,0,0,1,0,0,0,0,0,0,0
1118,-4.299936771,4.512514591,4,1,0,0,0,0,0,0,1,0,0,0,0,0,1,0,0,0,0
1119,0.402704984,-0.645509243,3,1,0,0,0,0,0,0,1,0,0,0,0,0,1,0,0,0,0
1120,-1.146540999,-0.193696678,1,0,1,0,0,0,0,0,0,0,0,1,0,0,0,0,0,0,0
1121,-2.754670858,1.891012907,0,0,0,1,0,0,0,0,0,0,0,1,0,0,0,0,0,0,0
1122,-0.706099629,1.724435568,4,1,1,0,0,0,0,0,0,0,0,0,0,0,1,0,0,0,0
1123,4.614119053,-4.528478622,3,1,0,1,0,0,0,0,0,0,0,0,0,0,1,0,0,0,0
1124,-3.048636436,2.943144083,4,1,1,0,0,0,0,0,0,0,0,0,0,0,1,0,0,0,0
1125,0.455999196,-1.537482262,2,1,0,1,0,0,0,0,0,0,0,0,0,0,1,0,0,0,0
1126,-2.015262604,2.388988733,0,0,0,1,0,0,0,0,0,0,0,0,0,0,1,0,0,0,0
1127,-4.563230515,5.412216187,1,0,1,0,0,0,0,0,0,0,0,0,0,0,1,0,0,0,0
1128,-0.047567587,0.29247278,2,0,1,0,0,0,0,0,0,0,0,0,0,0,1,0,0,0,0
1129,-0.751898348,2.030802488,3,0,1,0,0,0,0,0,0,0,0,0,0,0,1,0,0,0,0
1130,-0.997759759,0.920857072,1,0,0,1,0,0,0,0,0,0,0,0,0,0,1,0,0,0,0
1131,-1.500955105,1.446178079,0,0,1,0,0,0,0,0,0,0,0,1,0,0,0,0,0,0,0
1132,-1.542170167,1.091417909,4,1,1,0,0,0,0,0,0,0,0,1,0,0,0,0,0,0,0
1133,-1.068692923,1.097182989,0,0,1,0,0,0,0,0,0,0,0,1,0,0,0,0,0,0,0
1134,-1.535611272,0.233807564,2,1,1,0,0,0,0,0,0,0,0,0,0,0,1,0,0,0,0
1135,-0.321376503,-0.67870301,3,1,0,0,0,0,1,0,0,0,0,0,0,0,0,0,1,0,0
1136,-2.217357159,1.602019787,2,1,0,1,0,0,0,0,0,0,0,0,0,0,1,0,0,0,0
1137,-4.003679276,5.170228958,3,1,1,0,0,0,0,0,0,0,0,0,0,0,0,0,1,0,0
1138,-5.250370502,5.307034016,3,1,1,0,0,0,0,0,0,0,0,0,0,0,0,0,1,0,0
1139,-0.372318447,2.02602458,0,0,0,1,0,0,0,0,0,0,0,1,0,0,0,0,0,0,0
1140,-0.88213855,0.008850219,0,0,0,1,0,0,0,0,0,0,0,1,0,0,0,0,0,0,0
1141,-1.317978024,1.180204988,0,0,0,1,0,0,0,0,0,0,0,1,0,0,0,0,0,0,0
1142,0.793413937,1.13682425,0,0,0,1,0,0,0,0,0,0,0,1,0,0,0,0,0,0,0
1143,-0.675011575,0.062697351,0,0,0,1,0,0,0,0,0,0,0,1,0,0,0,0,0,0,0
1144,-1.122691154,1.337425709,2,0,0,1,0,0,0,0,0,0,0,1,0,0,0,0,0,0,0
1145,-4.604397774,1.748525262,4,1,1,0,0,0,0,0,0,0,0,1,0,0,0,0,0,0,0
1146,-1.137226701,-0.294699818,3,1,1,0,0,0,0,0,0,0,0,1,0,0,0,0,0,0,0
1147,-3.903418303,3.880952597,2,1,0,1,0,0,0,0,0,0,0,0,0,0,0,0,0,1,0
1148,-0.521128595,0.834457934,2,1,0,1,0,0,0,0,0,0,0,0,0,0,0,0,0,1,0
1149,-1.716643214,1.753864765,2,1,0,0,0,0,1,0,0,0,0,0,0,0,0,0,0,1,0
1150,-3.030145645,2.77281642,0,0,0,0,0,0,1,0,0,0,0,1,0,0,0,0,0,0,0
1151,4.930033684,-3.556234598,4,1,0,0,0,0,1,0,0,0,0,1,0,0,0,0,0,0,0
1152,-1.333158135,1.273630619,4,1,1,0,0,0,0,0,0,0,0,1,0,0,0,0,0,0,0
1153,-2.634849072,2.545812368,0,0,1,0,0,0,0,0,0,0,0,1,0,0,0,0,0,0,0
1154,-0.438553125,1.12008214,0,0,0,1,0,0,0,0,0,0,0,1,0,0,0,0,0,0,0
1155,-2.044706821,1.303631663,0,0,0,1,0,0,0,0,0,0,0,1,0,0,0,0,0,0,0
1156,3.769608021,-3.38582468,1,0,0,1,0,0,0,0,0,0,0,1,0,0,0,0,0,0,0
1157,1.033405185,-0.939540625,0,0,0,1,0,0,0,0,0,0,0,1,0,0,0,0,0,0,0
1158,-3.813832521,4.016917706,0,0,1,0,0,0,0,0,0,0,0,1,0,0,0,0,0,0,0
1159,0.603793859,-1.848998666,0,0,1,0,0,0,0,0,0,0,0,1,0,0,0,0,0,0,0
1160,0.877456903,-2.544879198,0,0,0,1,0,0,0,0,0,0,0,1,0,0,0,0,0,0,0
1161,2.325934887,-4.047951221,0,0,1,0,0,0,0,0,0,0,0,1,0,0,0,0,0,0,0
1162,-1.881305456,0.760211706,1,0,0,1,0,0,0,0,0,0,0,1,0,0,0,0,0,0,0
1163,-2.0705235,1.773551941,0,0,0,0,0,0,1,0,0,0,0,1,0,0,0,0,0,0,0
1164,-1.646407485,4.25693512,0,0,0,0,0,0,0,0,1,0,0,0,0,0,1,0,0,0,0
1165,-0.640309751,1.903864026,4,1,1,0,0,0,0,0,0,0,0,1,0,0,0,0,0,0,0
1166,-6.516168118,8.298482895,3,1,0,0,0,0,0,0,1,0,0,0,0,0,1,0,0,0,0
1167,2.899844646,-4.698408604,0,0,1,0,0,0,0,0,0,0,0,1,0,0,0,0,0,0,0
1168,-0.525520623,0.313848525,0,0,1,0,0,0,0,0,0,0,0,1,0,0,0,0,0,0,0
1169,-1.433595896,-2.084734201,0,0,1,0,0,0,0,0,0,0,0,1,0,0,0,0,0,0,0
1170,7.588173389,-1.75033164,0,0,1,0,0,0,0,0,0,0,0,1,0,0,0,0,0,0,0
1171,-1.916192889,-1.714363098,4,1,0,1,0,0,0,0,0,0,0,1,0,0,0,0,0,0,0
1172,-1.266352534,1.185519695,3,1,0,1,0,0,0,0,0,0,0,1,0,0,0,0,0,0,0
1173,1.758700609,-2.556780338,0,0,1,0,0,0,0,0,0,0,0,1,0,0,0,0,0,0,0
1174,0.25274843,1.019124866,4,1,0,1,0,0,0,0,0,0,0,0,0,0,1,0,0,0,0
1175,-1.628702283,1.733044386,2,1,0,1,0,0,0,0,0,0,0,0,1,0,0,0,0,0,0
1176,0.893579364,-0.468363851,0,0,1,0,0,0,0,0,0,0,0,1,0,0,0,0,0,0,0
1177,4.338725567,-4.098565578,0,0,1,0,0,0,0,0,0,0,0,1,0,0,0,0,0,0,0
1178,6.049912453,-5.227519035,0,0,0,1,0,0,0,0,0,0,0,1,0,0,0,0,0,0,0
1179,1.343857408,-1.165446043,0,0,0,1,0,0,0,0,0,0,0,1,0,0,0,0,0,0,0
1180,1.121649623,-0.834144473,3,1,0,1,0,0,0,0,0,0,0,1,0,0,0,0,0,0,0
1181,1.908577561,-5.203125477,1,0,0,1,0,0,0,0,0,0,0,1,0,0,0,0,0,0,0
1182,-1.147049785,-0.149039581,0,0,0,1,0,0,0,0,0,0,0,1,0,0,0,0,0,0,0
1183,-1.281861901,0.460174024,4,1,0,0,0,0,1,0,0,0,0,0,0,1,0,0,0,0,0
1184,2.71374464,-2.023334742,2,0,0,0,0,0,1,0,0,0,0,0,0,1,0,0,0,0,0
1185,0.169108763,0.838372111,0,0,0,0,0,0,0,0,1,0,0,0,0,1,0,0,0,0,0
1186,2.439526081,0.233927459,4,1,0,0,0,0,0,0,1,0,0,0,0,1,0,0,0,0,0
1187,-2.851002216,2.747073889,3,1,0,0,0,0,0,0,1,0,0,0,0,0,1,0,0,0,0
1188,0.841596842,1.880019546,4,1,0,1,0,0,0,0,0,0,0,0,1,0,0,0,0,0,0
1189,2.504989147,-1.270994186,0,0,0,1,0,0,0,0,0,0,0,1,0,0,0,0,0,0,0
1190,-0.511686325,3.180907726,0,0,0,1,0,0,0,0,0,0,0,1,0,0,0,0,0,0,0
1191,-0.991059363,0.050314199,0,0,0,1,0,0,0,0,0,0,0,1,0,0,0,0,0,0,0
1192,-0.535139024,-0.796359062,1,0,0,1,0,0,0,0,0,0,0,1,0,0,0,0,0,0,0
1193,-3.931796074,3.064967155,0,0,0,1,0,0,0,0,0,0,0,0,0,0,0,0,0,1,0
1194,1.587355137,-2.271513462,2,0,0,0,0,0,0,0,1,0,0,1,0,0,0,0,0,0,0
1195,-0.586858332,-0.512929678,2,0,0,0,0,0,0,0,1,0,0,1,0,0,0,0,0,0,0
1196,0.97193557,-1.891780257,2,0,0,0,0,0,0,0,1,0,0,1,0,0,0,0,0,0,0
1197,-0.555297971,-0.867563784,3,1,0,1,0,0,0,0,0,0,0,1,0,0,0,0,0,0,0
1198,-5.25111866,3.27254343,4,1,0,1,0,0,0,0,0,0,0,0,0,0,0,0,0,1,0
1199,3.003127337,-1.449673653,0,0,0,1,0,0,0,0,0,0,0,1,0,0,0,0,0,0,0
1200,-0.166055873,1.071612716,0,0,0,1,0,0,0,0,0,0,0,1,0,0,0,0,0,0,0
1201,4.882111073,-3.473975182,0,0,1,0,0,0,0,0,0,0,0,1,0,0,0,0,0,0,0
1202,1.287195802,-1.340996504,0,0,1,0,0,0,0,0,0,0,0,1,0,0,0,0,0,0,0
1203,2.520578861,-0.979664803,0,0,1,0,0,0,0,0,0,0,0,1,0,0,0,0,0,0,0
1204,3.388406515,-0.291882992,1,0,1,0,0,0,0,0,0,0,0,1,0,0,0,0,0,0,0
1205,-1.02510643,0.525456429,0,0,1,0,0,0,0,0,0,0,0,1,0,0,0,0,0,0,0
1206,-4.175779819,4.81879425,2,0,0,0,0,0,0,0,1,0,0,1,0,0,0,0,0,0,0
1207,0.420286298,0.778935373,2,1,0,0,0,0,0,0,1,0,0,0,0,0,0,0,0,1,0
1208,-4.175779819,4.81879425,4,1,0,0,0,0,0,0,1,0,0,0,0,0,0,0,0,1,0
1209,-2.737318039,2.477323055,0,0,0,0,0,0,0,0,1,0,0,1,0,0,0,0,0,0,0
1210,-1.190286636,-0.363957822,2,0,0,0,0,0,0,0,1,0,0,0,0,0,1,0,0,0,0
1211,-1.946668625,1.344129801,2,0,0,0,0,0,0,0,1,0,0,0,0,0,0,0,0,1,0
1212,2.972349167,-2.791177988,0,0,0,0,0,0,0,0,1,0,0,0,0,0,1,0,0,0,0
1213,2.649698973,-2.893974781,1,0,0,0,0,0,0,0,1,0,0,0,0,0,1,0,0,0,0
1214,-0.314813703,2.396413565,0,0,0,0,0,0,0,0,1,0,0,0,0,0,1,0,0,0,0
1215,-0.51652211,0.089793921,4,1,0,0,0,0,0,0,1,0,0,0,0,0,1,0,0,0,0
