,Unnamed: 0,0,1,Score,19,2,3,4,5,6,7,8,9,10,11,12,13,14,15,16,17,18
1035,1035,-3.814717054,2.98589921,3,0,0,1,0,0,0,0,0,0,0,0,0,1,0,0,0,0,0
141,141,3.281927347,-1.070091963,0,0,1,0,0,0,0,0,0,0,0,0,0,0,1,0,0,0,0
219,219,-1.343135238,4.032097816,2,0,0,0,0,0,0,0,1,0,0,0,0,0,0,0,1,0,0
845,845,-1.963470221,3.460387468,0,0,0,1,0,0,0,0,0,0,0,1,0,0,0,0,0,0,0
460,460,-3.34556675,3.564005852,4,1,0,1,0,0,0,0,0,0,0,0,0,1,0,0,0,0,0
902,902,-0.909926832,-0.058764007,1,0,0,1,0,0,0,0,0,0,0,1,0,0,0,0,0,0,0
1013,1013,-2.722262383,3.186267853,0,0,1,0,0,0,0,0,0,0,0,0,0,1,0,0,0,0,0
571,571,2.906393051,-3.148391485,3,1,1,0,0,0,0,0,0,0,0,1,0,0,0,0,0,0,0
194,194,-2.389485598,0.973329663,0,0,0,1,0,0,0,0,0,0,0,1,0,0,0,0,0,0,0
997,997,-0.486985952,-0.353733331,0,0,1,0,0,0,0,0,0,0,0,1,0,0,0,0,0,0,0
614,614,-4.310595512,3.949088573,0,0,0,0,0,0,0,0,1,0,0,0,0,1,0,0,0,0,0
5,5,-1.693876505,1.936863303,0,0,1,0,0,0,0,0,0,0,0,1,0,0,0,0,0,0,0
176,176,-2.453796387,2.447369814,4,1,0,0,0,0,0,0,1,0,0,0,0,0,0,0,0,1,0
1130,1130,-0.997759759,0.920857072,1,0,0,1,0,0,0,0,0,0,0,0,0,0,1,0,0,0,0
830,830,-0.594798326,0.444096833,2,0,0,1,0,0,0,0,0,0,0,0,0,0,1,0,0,0,0
781,781,-2.999705553,4.670452595,0,0,1,0,0,0,0,0,0,0,0,1,0,0,0,0,0,0,0
575,575,-4.414553642,1.378821611,0,0,1,0,0,0,0,0,0,0,0,1,0,0,0,0,0,0,0
871,871,0.370592386,0.905820131,3,1,0,0,0,0,0,0,1,0,0,0,1,0,0,0,0,0,0
1204,1204,3.388406515,-0.291882992,1,0,1,0,0,0,0,0,0,0,0,1,0,0,0,0,0,0,0
1137,1137,-4.003679276,5.170228958,3,1,1,0,0,0,0,0,0,0,0,0,0,0,0,0,1,0,0
795,795,0.030870456,0.214994758,4,1,0,1,0,0,0,0,0,0,0,0,0,0,0,0,0,1,0
721,721,-1.310029745,0.342880756,0,0,1,0,0,0,0,0,0,0,0,1,0,0,0,0,0,0,0
1089,1089,-2.638075113,1.247866273,2,0,0,0,0,0,0,0,1,0,0,1,0,0,0,0,0,0,0
0,0,-4.237457275,3.766987801,1,0,1,0,0,0,0,0,0,0,0,1,0,0,0,0,0,0,0
869,869,-2.905343533,3.809069872,3,1,0,0,0,0,0,0,1,0,0,0,1,0,0,0,0,0,0
840,840,-0.017141208,1.917568445,0,0,0,1,0,0,0,0,0,0,0,1,0,0,0,0,0,0,0
711,711,-0.48635003,3.554119825,4,1,1,0,0,0,0,0,0,0,0,0,0,0,0,0,1,0,0
960,960,-6.511399269,4.602413177,4,0,1,0,0,0,0,0,0,0,0,0,1,0,0,0,0,0,0
599,599,0.442863494,0.678748727,0,0,0,1,0,0,0,0,0,0,0,1,0,0,0,0,0,0,0
321,321,-1.929659843,4.304281712,0,0,1,0,0,0,0,0,0,0,0,1,0,0,0,0,0,0,0
278,278,-5.154673576,2.979306459,0,0,0,1,0,0,0,0,0,0,0,1,0,0,0,0,0,0,0
484,484,-2.063867569,3.364895344,0,0,0,1,0,0,0,0,0,0,0,1,0,0,0,0,0,0,0
537,537,-0.611792684,-1.617527723,0,0,0,1,0,0,0,0,0,0,0,1,0,0,0,0,0,0,0
264,264,-0.688399315,-1.022642374,1,0,0,1,0,0,0,0,0,0,0,0,0,1,0,0,0,0,0
667,667,-0.642325222,-1.311402798,0,0,1,0,0,0,0,0,0,0,0,1,0,0,0,0,0,0,0
1107,1107,-2.310569525,1.766134739,2,0,0,1,0,0,0,0,0,0,0,0,0,0,1,0,0,0,0
670,670,-6.883279324,7.598700523,3,0,0,0,0,0,0,0,1,0,0,1,0,0,0,0,0,0,0
524,524,-2.417500973,3.195856094,0,0,0,1,0,0,0,0,0,0,0,1,0,0,0,0,0,0,0
35,35,-2.581872463,1.819417477,3,1,1,0,0,0,0,0,0,0,0,0,0,0,0,0,1,0,0
166,166,1.097884297,-0.586398304,0,0,0,1,0,0,0,0,0,0,0,0,0,0,0,0,0,1,0
1077,1077,-1.122983098,2.207378626,0,0,0,1,0,0,0,0,0,0,0,1,0,0,0,0,0,0,0
620,620,-0.881642163,2.14378953,0,0,1,0,0,0,0,0,0,0,0,1,0,0,0,0,0,0,0
540,540,-0.45266217,2.138151169,0,0,0,1,0,0,0,0,0,0,0,1,0,0,0,0,0,0,0
549,549,-0.38813594,0.680328012,0,0,1,0,0,0,0,0,0,0,0,1,0,0,0,0,0,0,0
770,770,0.749786079,0.28732568,1,0,1,0,0,0,0,0,0,0,0,1,0,0,0,0,0,0,0
367,367,-0.460322529,1.882810116,0,0,1,0,0,0,0,0,0,0,0,1,0,0,0,0,0,0,0
338,338,2.416407108,1.530717969,2,0,0,1,0,0,0,0,0,0,0,0,0,0,1,0,0,0,0
38,38,2.450462103,-1.57730031,0,0,0,1,0,0,0,0,0,0,0,0,0,0,0,0,1,0,0
95,95,0.251373231,-0.29775399,2,0,0,1,0,0,0,0,0,0,0,1,0,0,0,0,0,0,0
507,507,2.001724243,-0.333941311,0,0,1,0,0,0,0,0,0,0,0,1,0,0,0,0,0,0,0
688,688,1.098433495,1.03517437,4,1,0,0,0,1,0,0,0,0,0,1,0,0,0,0,0,0,0
950,950,-5.06096983,3.2525208,4,1,1,0,0,0,0,0,0,0,0,0,0,1,0,0,0,0,0
412,412,-0.973721325,3.32484746,3,1,0,0,0,0,0,1,0,0,0,1,0,0,0,0,0,0,0
988,988,-2.558639765,1.659083605,3,0,0,1,0,0,0,0,0,0,0,0,0,1,0,0,0,0,0
1043,1043,-4.802574158,3.522209883,4,1,0,1,0,0,0,0,0,0,0,0,0,0,1,0,0,0,0
1103,1103,-1.343485355,0.999141991,0,0,0,1,0,0,0,0,0,0,0,0,0,0,1,0,0,0,0
1169,1169,-1.433595896,-2.084734201,0,0,1,0,0,0,0,0,0,0,0,1,0,0,0,0,0,0,0
905,905,-3.903502464,4.773839951,0,0,0,1,0,0,0,0,0,0,0,1,0,0,0,0,0,0,0
419,419,-1.125502586,-0.586741805,4,1,0,1,0,0,0,0,0,0,0,0,0,0,0,0,0,1,0
138,138,1.872049332,-1.234540343,4,1,0,0,0,0,0,0,1,0,0,0,0,0,0,0,1,0,0
780,780,-1.818001866,0.708922207,3,1,0,0,0,0,0,0,1,0,0,1,0,0,0,0,0,0,0
690,690,1.281407356,1.272166967,0,0,1,0,0,0,0,0,0,0,0,1,0,0,0,0,0,0,0
239,239,1.257404089,-2.68251586,2,0,0,0,0,0,0,0,1,0,0,0,0,0,0,0,1,0,0
792,792,-3.689678907,5.997424126,1,0,0,1,0,0,0,0,0,0,0,0,0,1,0,0,0,0,0
722,722,-4.056492805,3.235056877,3,1,1,0,0,0,0,0,0,0,0,1,0,0,0,0,0,0,0
609,609,-2.699688196,2.704580545,0,0,0,1,0,0,0,0,0,0,0,1,0,0,0,0,0,0,0
559,559,-2.061179161,2.41572094,0,0,1,0,0,0,0,0,0,0,0,1,0,0,0,0,0,0,0
697,697,-1.869867802,1.556091189,0,0,1,0,0,0,0,0,0,0,0,1,0,0,0,0,0,0,0
65,65,2.558236361,-1.527345896,3,1,0,1,0,0,0,0,0,0,0,1,0,0,0,0,0,0,0
457,457,0.025726277,0.295901179,2,0,0,1,0,0,0,0,0,0,0,0,0,1,0,0,0,0,0
1175,1175,-1.628702283,1.733044386,2,1,0,1,0,0,0,0,0,0,0,0,1,0,0,0,0,0,0
26,26,2.647836924,-4.773406506,2,0,0,1,0,0,0,0,0,0,0,0,0,0,1,0,0,0,0
949,949,-3.154576302,2.556589127,0,0,0,1,0,0,0,0,0,0,0,0,0,1,0,0,0,0,0
860,860,-4.804741859,6.166280746,3,0,0,1,0,0,0,0,0,0,0,0,0,0,0,0,1,0,0
285,285,-0.042874523,0.255428523,2,0,0,1,0,0,0,0,0,0,0,0,0,0,0,0,0,1,0
775,775,0.759105802,-2.151527166,3,1,0,1,0,0,0,0,0,0,0,0,0,1,0,0,0,0,0
539,539,0.303756922,-0.318645149,2,1,0,1,0,0,0,0,0,0,0,1,0,0,0,0,0,0,0
896,896,-4.479532719,2.427044153,3,0,0,1,0,0,0,0,0,0,0,1,0,0,0,0,0,0,0
888,888,3.735131502,-1.505392432,0,0,0,1,0,0,0,0,0,0,0,1,0,0,0,0,0,0,0
1085,1085,1.062443018,1.243301988,1,0,0,1,0,0,0,0,0,0,0,1,0,0,0,0,0,0,0
1011,1011,-2.132777214,1.920895338,3,1,0,1,0,0,0,0,0,0,0,0,0,0,0,0,0,1,0
444,444,1.875240922,-0.979991615,0,0,0,1,0,0,0,0,0,0,0,1,0,0,0,0,0,0,0
683,683,1.107517362,-2.023285151,0,0,0,0,0,0,0,0,1,0,0,1,0,0,0,0,0,0,0
989,989,-0.686273992,-1.537520051,2,0,1,0,0,0,0,0,0,0,0,1,0,0,0,0,0,0,0
289,289,-0.268712252,1.553648949,2,0,0,1,0,0,0,0,0,0,0,1,0,0,0,0,0,0,0
757,757,-0.308414698,1.019278407,4,1,0,1,0,0,0,0,0,0,0,0,0,0,0,0,0,1,0
1001,1001,2.065826178,-0.548439205,3,1,0,0,0,0,0,0,1,0,0,1,0,0,0,0,0,0,0
976,976,-3.776032925,2.225003719,2,0,0,0,0,0,0,0,1,0,0,0,0,0,1,0,0,0,0
368,368,-0.038358759,1.920827389,0,0,1,0,0,0,0,0,0,0,0,1,0,0,0,0,0,0,0
660,660,1.173490644,-3.159985781,3,1,0,0,0,0,0,0,1,0,0,0,0,1,0,0,0,0,0
672,672,-2.616988659,0.378692985,0,0,1,0,0,0,0,0,0,0,0,1,0,0,0,0,0,0,0
117,117,2.587819576,-2.436219454,2,0,1,0,0,0,0,0,0,0,0,1,0,0,0,0,0,0,0
1119,1119,0.402704984,-0.645509243,3,1,0,0,0,0,0,0,1,0,0,0,0,0,1,0,0,0,0
790,790,0.774784148,-0.618864536,2,0,0,1,0,0,0,0,0,0,0,1,0,0,0,0,0,0,0
995,995,1.176056266,-0.928487182,0,0,0,1,0,0,0,0,0,0,0,1,0,0,0,0,0,0,0
1145,1145,-4.604397774,1.748525262,4,1,1,0,0,0,0,0,0,0,0,1,0,0,0,0,0,0,0
521,521,-0.18911241,2.197161436,0,0,0,1,0,0,0,0,0,0,0,1,0,0,0,0,0,0,0
1016,1016,-1.264808893,-0.033198204,0,0,0,1,0,0,0,0,0,0,0,1,0,0,0,0,0,0,0
1212,1212,2.972349167,-2.791177988,0,0,0,0,0,0,0,0,1,0,0,0,0,0,1,0,0,0,0
906,906,-1.977243543,1.579977512,0,0,0,1,0,0,0,0,0,0,0,1,0,0,0,0,0,0,0
569,569,-1.181537628,-0.531691551,0,0,0,1,0,0,0,0,0,0,0,1,0,0,0,0,0,0,0
979,979,-4.753873348,5.442774773,2,0,1,0,0,0,0,0,0,0,0,1,0,0,0,0,0,0,0
1060,1060,-5.071674824,4.158925533,0,0,0,1,0,0,0,0,0,0,0,1,0,0,0,0,0,0,0
374,374,-6.185725689,5.57255125,3,1,0,1,0,0,0,0,0,0,0,0,0,0,0,0,0,1,0
728,728,-1.155148387,3.203588247,0,0,0,1,0,0,0,0,0,0,0,1,0,0,0,0,0,0,0
753,753,-3.709747553,4.9551301,2,1,0,1,0,0,0,0,0,0,0,0,0,1,0,0,0,0,0
120,120,-1.775138617,6.705424309,3,1,0,0,0,0,0,0,1,0,0,0,0,1,0,0,0,0,0
826,826,-2.333459854,2.045467138,3,1,0,1,0,0,0,0,0,0,0,1,0,0,0,0,0,0,0
9,9,-3.226580381,3.042239189,0,0,0,1,0,0,0,0,0,0,0,0,0,0,1,0,0,0,0
287,287,-3.139488697,3.270788193,0,0,1,0,0,0,0,0,0,0,0,1,0,0,0,0,0,0,0
720,720,-1.380252957,1.380447865,4,1,0,1,0,0,0,0,0,0,0,0,0,0,1,0,0,0,0
216,216,0.142440736,0.778287768,4,1,0,1,0,0,0,0,0,0,0,0,0,0,0,0,1,0,0
501,501,-1.930639625,0.468435585,0,0,0,1,0,0,0,0,0,0,0,1,0,0,0,0,0,0,0
354,354,-2.016078949,0.841327369,0,0,0,1,0,0,0,0,0,0,0,1,0,0,0,0,0,0,0
696,696,-6.549891472,6.434030056,0,0,1,0,0,0,0,0,0,0,0,1,0,0,0,0,0,0,0
1002,1002,-0.844637573,-0.629625678,1,0,1,0,0,0,0,0,0,0,0,0,0,1,0,0,0,0,0
505,505,-1.001262546,2.420348406,3,1,0,1,0,0,0,0,0,0,0,0,0,1,0,0,0,0,0
432,432,1.240164161,-0.418878615,0,0,0,1,0,0,0,0,0,0,0,0,1,0,0,0,0,0,0
564,564,-2.199463844,1.504566431,0,0,0,1,0,0,0,0,0,0,0,1,0,0,0,0,0,0,0
68,68,-3.911931753,3.761109591,0,0,0,1,0,0,0,0,0,0,0,1,0,0,0,0,0,0,0
396,396,0.013296131,0.286768705,1,0,0,1,0,0,0,0,0,0,0,1,0,0,0,0,0,0,0
653,653,-4.286800385,6.958719254,0,0,1,0,0,0,0,0,0,0,0,1,0,0,0,0,0,0,0
1211,1211,-1.946668625,1.344129801,2,0,0,0,0,0,0,0,1,0,0,0,0,0,0,0,0,1,0
79,79,0.637859166,-3.237811327,2,0,1,0,0,0,0,0,0,0,0,1,0,0,0,0,0,0,0
974,974,-6.25714016,5.77647543,2,0,0,0,0,0,0,0,1,0,0,0,0,0,1,0,0,0,0
1172,1172,-1.266352534,1.185519695,3,1,0,1,0,0,0,0,0,0,0,1,0,0,0,0,0,0,0
982,982,-0.966605842,-0.540544569,0,0,0,1,0,0,0,0,0,0,0,1,0,0,0,0,0,0,0
647,647,0.68822974,0.038183454,0,0,0,1,0,0,0,0,0,0,0,0,0,0,1,0,0,0,0
134,134,-2.398714066,2.988115072,3,1,0,0,0,0,0,0,1,0,0,1,0,0,0,0,0,0,0
597,597,-0.131034181,1.436218143,3,0,0,1,0,0,0,0,0,0,0,1,0,0,0,0,0,0,0
702,702,-0.463023543,-0.498325408,0,0,1,0,0,0,0,0,0,0,0,1,0,0,0,0,0,0,0
280,280,-2.126720667,3.932818651,3,0,1,0,0,0,0,0,0,0,0,0,0,0,0,0,0,1,0
847,847,-2.665860653,3.224461317,3,0,0,1,0,0,0,0,0,0,0,0,0,1,0,0,0,0,0
804,804,-5.413106441,4.432288647,0,0,0,1,0,0,0,0,0,0,0,0,0,0,0,0,1,0,0
1084,1084,-0.561764598,1.49569881,0,0,0,1,0,0,0,0,0,0,0,1,0,0,0,0,0,0,0
593,593,5.331192017,-5.924506187,2,0,1,0,0,0,0,0,0,0,0,1,0,0,0,0,0,0,0
755,755,-4.242649555,4.637216568,0,0,0,1,0,0,0,0,0,0,0,1,0,0,0,0,0,0,0
373,373,-5.264566898,7.15503788,2,1,0,1,0,0,0,0,0,0,0,0,1,0,0,0,0,0,0
922,922,-2.427867413,1.991364479,2,0,0,1,0,0,0,0,0,0,0,0,0,0,0,0,0,1,0
329,329,2.485414505,0.075999901,1,0,0,1,0,0,0,0,0,0,0,0,0,0,0,0,0,1,0
822,822,-0.250447243,0.877518952,0,0,0,1,0,0,0,0,0,0,0,1,0,0,0,0,0,0,0
1032,1032,5.866225719,-0.940693915,0,0,0,1,0,0,0,0,0,0,0,0,0,0,1,0,0,0,0
430,430,3.624487877,-1.990272164,3,0,1,0,0,0,0,0,0,0,0,0,0,0,0,0,0,1,0
615,615,-3.925243139,5.813666344,0,0,0,1,0,0,0,0,0,0,0,0,0,0,0,0,0,1,0
718,718,-1.996204495,1.358044267,4,0,0,0,0,0,0,0,1,0,0,0,1,0,0,0,0,0,0
236,236,-1.261399627,0.933770835,3,0,0,0,0,0,0,0,1,0,0,0,0,0,0,0,1,0,0
465,465,1.828665614,-0.461518914,1,0,0,1,0,0,0,0,0,0,0,1,0,0,0,0,0,0,0
360,360,-0.497372419,-0.193664253,1,1,0,1,0,0,0,0,0,0,0,1,0,0,0,0,0,0,0
303,303,2.434402227,0.323344141,3,1,0,1,0,0,0,0,0,0,0,0,0,0,0,0,0,0,1
554,554,-2.08783102,0.747119367,3,1,0,1,0,0,0,0,0,0,0,1,0,0,0,0,0,0,0
586,586,0.349718839,0.548924744,0,0,0,1,0,0,0,0,0,0,0,1,0,0,0,0,0,0,0
1127,1127,-4.563230515,5.412216187,1,0,1,0,0,0,0,0,0,0,0,0,0,0,1,0,0,0,0
844,844,4.2138834,-0.726148188,0,0,0,1,0,0,0,0,0,0,0,1,0,0,0,0,0,0,0
306,306,-1.243109345,4.54603672,0,0,1,0,0,0,0,0,0,0,0,1,0,0,0,0,0,0,0
985,985,0.695205271,2.561151266,1,0,1,0,0,0,0,0,0,0,0,0,0,0,0,0,0,1,0
828,828,0.992194176,2.136184931,3,0,0,1,0,0,0,0,0,0,0,0,0,0,1,0,0,0,0
314,314,-1.33893013,3.110124111,2,0,1,0,0,0,0,0,0,0,0,1,0,0,0,0,0,0,0
226,226,-2.280792475,1.242287755,0,0,0,1,0,0,0,0,0,0,0,1,0,0,0,0,0,0,0
431,431,-1.73301065,2.72919488,4,0,0,1,0,0,0,0,0,0,0,0,1,0,0,0,0,0,0
710,710,-5.088307381,4.236462593,4,1,1,0,0,0,0,0,0,0,0,0,0,0,0,0,1,0,0
55,55,-0.07389456,1.090779424,0,0,0,1,0,0,0,0,0,0,0,0,0,1,0,0,0,0,0
452,452,-1.663925529,0.583350182,0,0,0,1,0,0,0,0,0,0,0,0,0,0,1,0,0,0,0
1156,1156,3.769608021,-3.38582468,1,0,0,1,0,0,0,0,0,0,0,1,0,0,0,0,0,0,0
165,165,-1.219092011,1.726378798,0,0,0,1,0,0,0,0,0,0,0,0,0,0,0,0,1,0,0
838,838,-1.133103967,2.831229687,3,1,0,1,0,0,0,0,0,0,0,0,0,0,1,0,0,0,0
1136,1136,-2.217357159,1.602019787,2,1,0,1,0,0,0,0,0,0,0,0,0,0,1,0,0,0,0
553,553,-0.872138202,0.766185462,0,0,1,0,0,0,0,0,0,0,0,1,0,0,0,0,0,0,0
1123,1123,4.614119053,-4.528478622,3,1,0,1,0,0,0,0,0,0,0,0,0,0,1,0,0,0,0
737,737,0.093721926,1.522486687,2,1,0,1,0,0,0,0,0,0,0,0,0,1,0,0,0,0,0
1046,1046,-1.587176561,1.820315003,0,0,0,1,0,0,0,0,0,0,0,1,0,0,0,0,0,0,0
377,377,0.870304286,0.011645799,1,0,0,1,0,0,0,0,0,0,0,1,0,0,0,0,0,0,0
1129,1129,-0.751898348,2.030802488,3,0,1,0,0,0,0,0,0,0,0,0,0,0,1,0,0,0,0
1134,1134,-1.535611272,0.233807564,2,1,1,0,0,0,0,0,0,0,0,0,0,0,1,0,0,0,0
910,910,-0.896258652,-0.909312904,4,1,0,1,0,0,0,0,0,0,0,1,0,0,0,0,0,0,0
862,862,1.899211764,1.247611046,2,0,0,1,0,0,0,0,0,0,0,0,0,0,0,0,1,0,0
251,251,1.019805789,-0.499548852,0,0,0,1,0,0,0,0,0,0,0,1,0,0,0,0,0,0,0
624,624,0.604903519,-0.966419756,0,0,1,0,0,0,0,0,0,0,0,1,0,0,0,0,0,0,0
421,421,-2.104751348,1.76429832,0,0,0,1,0,0,0,0,0,0,0,1,0,0,0,0,0,0,0
260,260,0.101695135,1.421092987,3,1,0,1,0,0,0,0,0,0,0,0,0,0,0,0,0,1,0
1061,1061,-0.073642805,-0.939632058,0,0,0,1,0,0,0,0,0,0,0,1,0,0,0,0,0,0,0
22,22,-1.073387027,1.604648352,0,0,1,0,0,0,0,0,0,0,0,1,0,0,0,0,0,0,0
161,161,1.855504513,-0.990663052,0,0,1,0,0,0,0,0,0,0,0,1,0,0,0,0,0,0,0
563,563,-2.181999922,1.319362879,1,0,0,0,0,0,1,0,0,0,0,1,0,0,0,0,0,0,0
878,878,-0.476578921,2.380311966,0,0,0,1,0,0,0,0,0,0,0,0,0,0,1,0,0,0,0
823,823,10.81550217,-5.580582142,0,0,0,1,0,0,0,0,0,0,0,1,0,0,0,0,0,0,0
309,309,-1.399338245,3.172696829,3,1,0,0,0,0,0,0,1,0,0,0,0,0,0,1,0,0,0
933,933,-0.49776414,1.879059792,3,1,0,1,0,0,0,0,0,0,0,0,1,0,0,0,0,0,0
379,379,1.548613191,1.639468312,1,0,0,1,0,0,0,0,0,0,0,1,0,0,0,0,0,0,0
87,87,0.115894988,-3.154261351,2,1,0,1,0,0,0,0,0,0,0,1,0,0,0,0,0,0,0
249,249,-1.385949969,1.435653329,4,1,1,0,0,0,0,0,0,0,0,0,0,0,0,0,1,0,0
1020,1020,-2.985244751,3.095721245,0,0,0,1,0,0,0,0,0,0,0,0,0,0,1,0,0,0,0
916,916,-2.934818506,2.296171427,4,1,0,1,0,0,0,0,0,0,0,0,0,0,0,0,0,1,0
267,267,0.262485683,3.605010509,3,0,0,1,0,0,0,0,0,0,0,0,0,0,0,0,1,0,0
1039,1039,1.147836566,-0.14106667,0,0,0,1,0,0,0,0,0,0,0,1,0,0,0,0,0,0,0
83,83,-5.011978626,4.972682476,2,1,0,0,0,0,0,0,1,0,0,1,0,0,0,0,0,0,0
968,968,4.685700893,-0.718819678,0,0,0,1,0,0,0,0,0,0,0,1,0,0,0,0,0,0,0
1091,1091,-2.070892334,1.977754951,0,0,0,0,0,0,0,0,1,0,0,1,0,0,0,0,0,0,0
230,230,0.470984548,-0.445109814,3,1,0,1,0,0,0,0,0,0,0,0,0,0,0,0,0,1,0
172,172,0.292406887,-1.819817185,0,0,1,0,0,0,0,0,0,0,0,0,0,0,1,0,0,0,0
451,451,1.020164251,3.27218008,3,1,0,1,0,0,0,0,0,0,0,0,0,0,1,0,0,0,0
461,461,-1.118114114,0.177763343,1,0,0,1,0,0,0,0,0,0,0,1,0,0,0,0,0,0,0
587,587,2.469328165,2.486211777,3,1,1,0,0,0,0,0,0,0,0,1,0,0,0,0,0,0,0
448,448,1.871011853,1.035527349,3,0,0,1,0,0,0,0,0,0,0,0,0,0,1,0,0,0,0
917,917,1.636765242,-0.301204205,2,0,0,1,0,0,0,0,0,0,0,0,1,0,0,0,0,0,0
386,386,0.605715156,1.98644495,1,1,0,1,0,0,0,0,0,0,0,0,0,0,0,0,0,1,0
693,693,-1.942178488,2.086465836,1,0,1,0,0,0,0,0,0,0,0,1,0,0,0,0,0,0,0
1116,1116,-4.288853645,3.291400194,2,0,1,0,0,0,0,0,0,0,0,1,0,0,0,0,0,0,0
84,84,-2.001547813,0.725103319,0,0,0,0,0,0,0,0,1,0,0,1,0,0,0,0,0,0,0
661,661,4.239868164,-5.920473099,2,0,0,0,0,0,0,0,1,0,0,0,0,1,0,0,0,0,0
453,453,0.203748167,1.256709218,0,0,0,1,0,0,0,0,0,0,0,0,0,0,1,0,0,0,0
450,450,0.051171284,2.324190617,4,1,0,1,0,0,0,0,0,0,0,0,0,0,1,0,0,0,0
1083,1083,-1.58619833,2.913663149,0,0,0,1,0,0,0,0,0,0,0,1,0,0,0,0,0,0,0
149,149,-0.837682664,0.88750875,0,0,1,0,0,0,0,0,0,0,0,1,0,0,0,0,0,0,0
785,785,-3.880147457,2.990745306,2,0,0,0,0,0,0,0,1,0,0,0,0,0,1,0,0,0,0
1121,1121,-2.754670858,1.891012907,0,0,0,1,0,0,0,0,0,0,0,1,0,0,0,0,0,0,0
171,171,-2.432500362,3.775055885,4,1,0,1,0,0,0,0,0,0,0,0,0,0,0,1,0,0,0
20,20,-1.191170573,3.93020463,0,0,1,0,0,0,0,0,0,0,0,1,0,0,0,0,0,0,0
11,11,-2.493800163,3.108827829,2,0,0,0,0,0,1,0,0,0,0,0,0,0,0,0,1,0,0
4,4,-5.664031982,7.176612854,0,0,1,0,0,0,0,0,0,0,0,1,0,0,0,0,0,0,0
872,872,-6.731454849,7.644244671,2,1,0,1,0,0,0,0,0,0,0,0,0,0,0,0,1,0,0
92,92,2.53787899,-2.251064301,2,0,0,1,0,0,0,0,0,0,0,1,0,0,0,0,0,0,0
1021,1021,-2.143910408,1.610969424,4,1,0,1,0,0,0,0,0,0,0,0,0,0,1,0,0,0,0
378,378,3.292113781,1.21477282,1,0,0,1,0,0,0,0,0,0,0,1,0,0,0,0,0,0,0
656,656,-0.827945173,1.258461714,0,0,0,0,0,0,0,0,1,0,0,1,0,0,0,0,0,0,0
341,341,-3.229716778,5.218693733,1,0,0,1,0,0,0,0,0,0,0,1,0,0,0,0,0,0,0
42,42,-3.81218338,5.529283047,3,1,0,0,0,0,0,0,1,0,0,0,0,0,0,0,1,0,0
325,325,0.621734202,0.996678531,0,0,0,1,0,0,0,0,0,0,0,1,0,0,0,0,0,0,0
1108,1108,-1.249261141,1.26990056,2,0,0,1,0,0,0,0,0,0,0,0,0,0,1,0,0,0,0
19,19,-3.565980911,3.163532734,3,1,0,0,0,0,0,0,1,0,0,0,0,0,0,1,0,0,0
766,766,-1.191428781,1.22539103,4,1,0,1,0,0,0,0,0,0,0,0,1,0,0,0,0,0,0
1158,1158,-3.813832521,4.016917706,0,0,1,0,0,0,0,0,0,0,0,1,0,0,0,0,0,0,0
973,973,-6.152200699,7.33027935,3,0,0,0,0,0,0,0,1,0,0,0,0,0,1,0,0,0,0
969,969,-2.136627197,3.895803928,1,0,0,1,0,0,0,0,0,0,0,0,0,0,0,0,1,0,0
873,873,3.043374777,2.744299173,0,0,0,1,0,0,0,0,0,0,0,1,0,0,0,0,0,0,0
237,237,-1.238283038,-1.150893807,2,0,0,0,0,0,0,0,1,0,0,0,0,0,0,0,1,0,0
750,750,0.788431346,1.277117252,0,0,0,1,0,0,0,0,0,0,0,1,0,0,0,0,0,0,0
188,188,-0.611472845,0.591648161,0,0,0,1,0,0,0,0,0,0,0,1,0,0,0,0,0,0,0
164,164,-1.504505873,1.752461433,0,0,1,0,0,0,0,0,0,0,0,0,0,0,0,0,1,0,0
1152,1152,-1.333158135,1.273630619,4,1,1,0,0,0,0,0,0,0,0,1,0,0,0,0,0,0,0
438,438,-3.12434721,1.845732927,2,1,0,1,0,0,0,0,0,0,0,0,0,0,0,1,0,0,0
568,568,-1.13982749,0.778769493,2,0,0,1,0,0,0,0,0,0,0,0,0,0,1,0,0,0,0
18,18,-1.345344067,-0.927913845,4,1,0,0,0,0,0,0,1,0,0,0,0,0,0,0,1,0,0
132,132,-2.802212715,0.352115005,0,0,1,0,0,0,0,0,0,0,0,0,0,1,0,0,0,0,0
67,67,-1.746325135,1.655545354,0,0,0,1,0,0,0,0,0,0,0,1,0,0,0,0,0,0,0
1174,1174,0.25274843,1.019124866,4,1,0,1,0,0,0,0,0,0,0,0,0,0,1,0,0,0,0
1041,1041,-3.557331085,4.017382622,3,1,0,1,0,0,0,0,0,0,0,0,0,0,1,0,0,0,0
837,837,6.448095798,-4.438638687,0,0,0,1,0,0,0,0,0,0,0,1,0,0,0,0,0,0,0
130,130,2.477015495,-2.210779905,0,0,1,0,0,0,0,0,0,0,0,0,0,1,0,0,0,0,0
187,187,2.839462519,0.937498212,0,0,0,1,0,0,0,0,0,0,0,0,0,0,1,0,0,0,0
269,269,-6.954974174,7.7548666,0,0,0,1,0,0,0,0,0,0,0,0,0,1,0,0,0,0,0
443,443,6.779506207,-4.293339729,2,0,0,1,0,0,0,0,0,0,0,0,0,0,0,1,0,0,0
819,819,1.023969889,-0.766847789,3,1,0,1,0,0,0,0,0,0,0,0,0,0,0,0,1,0,0
304,304,-0.825946152,-0.228720635,0,0,1,0,0,0,0,0,0,0,0,1,0,0,0,0,0,0,0
211,211,0.37359795,0.203430504,0,0,1,0,0,0,0,0,0,0,0,1,0,0,0,0,0,0,0
270,270,-3.437525988,2.799810886,2,0,0,1,0,0,0,0,0,0,0,1,0,0,0,0,0,0,0
169,169,3.387357473,-3.173204899,0,0,0,1,0,0,0,0,0,0,0,1,0,0,0,0,0,0,0
733,733,0.411544293,-3.002122641,1,0,0,1,0,0,0,0,0,0,0,1,0,0,0,0,0,0,0
1157,1157,1.033405185,-0.939540625,0,0,0,1,0,0,0,0,0,0,0,1,0,0,0,0,0,0,0
405,405,-2.700659037,4.361964226,4,1,0,1,0,0,0,0,0,0,0,1,0,0,0,0,0,0,0
258,258,2.522445202,0.419084817,3,1,0,1,0,0,0,0,0,0,0,0,0,0,0,0,0,1,0
970,970,-3.055671692,2.031323195,3,0,0,1,0,0,0,0,0,0,0,0,0,0,0,0,1,0,0
375,375,-5.680267811,4.67698431,4,1,0,1,0,0,0,0,0,0,0,0,0,0,0,0,0,1,0
742,742,-1.421023488,2.420919895,0,0,0,1,0,0,0,0,0,0,0,1,0,0,0,0,0,0,0
195,195,-0.004623573,2.081087828,2,0,0,1,0,0,0,0,0,0,0,0,0,0,1,0,0,0,0
705,705,0.188498959,0.635126829,4,1,0,0,0,0,0,0,0,1,0,0,0,0,0,0,0,1,0
778,778,-1.669773698,1.64156723,2,1,0,0,0,0,0,0,1,0,0,0,1,0,0,0,0,0,0
774,774,-0.664756715,1.942031145,3,1,0,1,0,0,0,0,0,0,0,0,1,0,0,0,0,0,0
424,424,-2.760051489,3.925892353,3,1,0,1,0,0,0,0,0,0,0,0,0,0,0,0,0,1,0
61,61,-0.07245861,2.464318991,0,0,0,1,0,0,0,0,0,0,0,0,0,1,0,0,0,0,0
874,874,2.479635239,-0.415185213,0,0,0,1,0,0,0,0,0,0,0,1,0,0,0,0,0,0,0
920,920,1.680207133,-0.770335913,4,1,0,1,0,0,0,0,0,0,0,0,0,0,0,0,0,1,0
646,646,-1.353089333,3.899973631,0,0,0,1,0,0,0,0,0,0,0,1,0,0,0,0,0,0,0
546,546,1.084501743,-2.441148281,3,1,0,1,0,0,0,0,0,0,0,0,0,0,1,0,0,0,0
1049,1049,-1.616746545,4.735343456,3,1,0,1,0,0,0,0,0,0,0,1,0,0,0,0,0,0,0
801,801,-1.699138999,0.666115344,1,0,0,0,0,1,0,0,0,0,0,0,0,1,0,0,0,0,0
255,255,3.084614992,-1.690580726,2,1,0,1,0,0,0,0,0,0,0,1,0,0,0,0,0,0,0
391,391,-3.493142128,2.47709012,0,0,0,1,0,0,0,0,0,0,0,1,0,0,0,0,0,0,0
180,180,-2.355393887,2.207860708,1,0,0,1,0,0,0,0,0,0,0,1,0,0,0,0,0,0,0
1189,1189,2.504989147,-1.270994186,0,0,0,1,0,0,0,0,0,0,0,1,0,0,0,0,0,0,0
964,964,-2.465557098,4.18650341,0,0,1,0,0,0,0,0,0,0,0,1,0,0,0,0,0,0,0
340,340,-0.288236767,2.249232531,1,0,1,0,0,0,0,0,0,0,0,1,0,0,0,0,0,0,0
525,525,0.329177767,2.451735258,1,0,0,1,0,0,0,0,0,0,0,0,0,0,0,0,0,1,0
313,313,-0.788917243,2.987404108,3,1,0,1,0,0,0,0,0,0,0,0,0,0,1,0,0,0,0
292,292,1.862573147,-3.932374716,0,0,1,0,0,0,0,0,0,0,0,1,0,0,0,0,0,0,0
991,991,-1.12109375,0.801184356,2,0,0,0,0,0,0,0,1,0,0,0,0,1,0,0,0,0,0
474,474,-2.836091042,1.814917684,3,1,0,0,0,0,0,0,1,0,0,1,0,0,0,0,0,0,0
636,636,-1.59835124,4.488292694,1,0,0,1,0,0,0,0,0,0,0,0,0,0,1,0,0,0,0
93,93,2.163990021,-3.602403164,3,0,0,1,0,0,0,0,0,0,0,1,0,0,0,0,0,0,0
877,877,-1.983934283,2.848194838,0,0,0,1,0,0,0,0,0,0,0,0,0,0,0,0,0,1,0
1151,1151,4.930033684,-3.556234598,4,1,0,0,0,0,1,0,0,0,0,1,0,0,0,0,0,0,0
544,544,-2.607155323,3.123719215,4,1,0,0,0,1,0,0,0,0,0,1,0,0,0,0,0,0,0
193,193,-0.146691218,2.463548183,0,0,1,0,0,0,0,0,0,0,0,1,0,0,0,0,0,0,0
307,307,-2.636615515,2.759325504,3,0,0,1,0,0,0,0,0,0,0,0,0,0,0,1,0,0,0
351,351,-2.323310137,2.988311529,2,1,1,0,0,0,0,0,0,0,0,0,1,0,0,0,0,0,0
814,814,2.189517736,-1.572666883,3,1,0,1,0,0,0,0,0,0,0,0,1,0,0,0,0,0,0
1081,1081,-4.93894577,5.470734596,3,0,0,1,0,0,0,0,0,0,0,1,0,0,0,0,0,0,0
867,867,3.283965588,-1.454722404,1,0,0,1,0,0,0,0,0,0,0,1,0,0,0,0,0,0,0
815,815,0.74941206,-2.644269943,2,1,0,0,0,0,0,0,1,0,0,1,0,0,0,0,0,0,0
596,596,-4.860859394,4.555323124,3,1,0,1,0,0,0,0,0,0,0,1,0,0,0,0,0,0,0
312,312,0.200876683,2.146120787,4,1,0,1,0,0,0,0,0,0,0,0,0,0,1,0,0,0,0
923,923,-4.38762331,5.451546192,2,0,0,1,0,0,0,0,0,0,0,1,0,0,0,0,0,0,0
903,903,1.954323649,-4.45923233,0,0,0,1,0,0,0,0,0,0,0,1,0,0,0,0,0,0,0
248,248,-2.371410608,2.190085888,4,1,0,1,0,0,0,0,0,0,0,0,0,0,0,0,1,0,0
1124,1124,-3.048636436,2.943144083,4,1,1,0,0,0,0,0,0,0,0,0,0,0,1,0,0,0,0
645,645,1.131161094,-0.703736484,0,0,1,0,0,0,0,0,0,0,0,1,0,0,0,0,0,0,0
955,955,-5.072040081,4.520172119,3,0,0,1,0,0,0,0,0,0,0,0,0,1,0,0,0,0,0
687,687,-7.600179195,6.939707756,3,0,0,0,0,0,0,0,1,0,0,0,0,0,0,0,1,0,0
440,440,3.32388258,-2.237425566,4,1,0,1,0,0,0,0,0,0,0,0,0,0,0,1,0,0,0
383,383,1.521774411,0.291395545,1,0,0,1,0,0,0,0,0,0,0,0,0,0,0,0,0,1,0
85,85,-2.393053532,3.139073133,1,0,1,0,0,0,0,0,0,0,0,0,0,1,0,0,0,0,0
400,400,-0.124420449,0.058744717,0,0,1,0,0,0,0,0,0,0,0,1,0,0,0,0,0,0,0
1064,1064,-2.446753263,2.912976027,0,0,0,1,0,0,0,0,0,0,0,1,0,0,0,0,0,0,0
514,514,0.970839739,1.226233721,0,0,0,1,0,0,0,0,0,0,0,1,0,0,0,0,0,0,0
1017,1017,-2.866345406,3.992917061,0,0,0,1,0,0,0,0,0,0,0,1,0,0,0,0,0,0,0
1191,1191,-0.991059363,0.050314199,0,0,0,1,0,0,0,0,0,0,0,1,0,0,0,0,0,0,0
272,272,1.053101182,1.815735817,3,1,0,1,0,0,0,0,0,0,0,0,0,0,0,0,0,1,0
1118,1118,-4.299936771,4.512514591,4,1,0,0,0,0,0,0,1,0,0,0,0,0,1,0,0,0,0
629,629,-0.312205315,0.581946731,0,0,1,0,0,0,0,0,0,0,0,1,0,0,0,0,0,0,0
446,446,-0.655412614,-0.117472634,3,0,0,1,0,0,0,0,0,0,0,0,0,0,1,0,0,0,0
1048,1048,-0.618423641,-0.631409347,0,0,0,1,0,0,0,0,0,0,0,1,0,0,0,0,0,0,0
726,726,-3.008855104,2.723245382,2,1,0,1,0,0,0,0,0,0,0,1,0,0,0,0,0,0,0
937,937,-3.808177948,3.293070793,0,0,0,1,0,0,0,0,0,0,0,0,0,0,0,0,1,0,0
623,623,1.766308784,0.316617846,0,0,1,0,0,0,0,0,0,0,0,1,0,0,0,0,0,0,0
834,834,5.995527267,0.021988975,2,1,0,1,0,0,0,0,0,0,0,0,0,0,1,0,0,0,0
996,996,6.617146492,-4.582170486,0,0,1,0,0,0,0,0,0,0,0,1,0,0,0,0,0,0,0
668,668,-1.248779655,0.26613909,0,0,1,0,0,0,0,0,0,0,0,1,0,0,0,0,0,0,0
882,882,-2.21725297,3.162974834,4,1,0,1,0,0,0,0,0,0,0,0,0,0,1,0,0,0,0
1140,1140,-0.88213855,0.008850219,0,0,0,1,0,0,0,0,0,0,0,1,0,0,0,0,0,0,0
738,738,-2.097943068,4.167757988,2,1,0,1,0,0,0,0,0,0,0,0,0,1,0,0,0,0,0
803,803,-2.193822145,3.176486254,0,0,0,1,0,0,0,0,0,0,0,0,0,0,0,0,1,0,0
825,825,-1.013646722,1.630266905,0,0,0,1,0,0,0,0,0,0,0,1,0,0,0,0,0,0,0
167,167,-0.765518963,2.812150478,0,0,0,1,0,0,0,0,0,0,0,0,0,0,0,0,1,0,0
311,311,0.235780075,-0.186068684,1,0,1,0,0,0,0,0,0,0,0,1,0,0,0,0,0,0,0
510,510,-4.959217548,5.802632809,0,0,0,0,0,0,0,0,1,0,0,1,0,0,0,0,0,0,0
99,99,0.18056424,1.469010353,3,0,0,1,0,0,0,0,0,0,0,0,0,0,0,0,0,1,0
820,820,5.403508186,-6.577240944,2,0,0,1,0,0,0,0,0,0,0,1,0,0,0,0,0,0,0
463,463,1.161628604,-2.174541473,2,0,0,1,0,0,0,0,0,0,0,0,0,0,0,1,0,0,0
963,963,-1.116993666,2.133014917,3,0,1,0,0,0,0,0,0,0,0,0,0,1,0,0,0,0,0
6,6,-0.201904997,0.499090731,0,0,1,0,0,0,0,0,0,0,0,1,0,0,0,0,0,0,0
417,417,1.851294279,-2.524542332,0,0,0,1,0,0,0,0,0,0,0,1,0,0,0,0,0,0,0
517,517,-3.761445284,6.673600197,0,0,0,1,0,0,0,0,0,0,0,0,0,0,0,0,0,1,0
410,410,-6.956123352,6.164218903,4,1,0,1,0,0,0,0,0,0,0,0,0,0,0,0,0,1,0
1144,1144,-1.122691154,1.337425709,2,0,0,1,0,0,0,0,0,0,0,1,0,0,0,0,0,0,0
592,592,-2.347696781,1.446479082,0,0,1,0,0,0,0,0,0,0,0,1,0,0,0,0,0,0,0
125,125,3.726500034,1.439238191,0,0,1,0,0,0,0,0,0,0,0,1,0,0,0,0,0,0,0
94,94,4.48909235,-3.136391878,2,0,0,1,0,0,0,0,0,0,0,1,0,0,0,0,0,0,0
1100,1100,-1.27514267,0.732426107,3,1,0,0,0,0,0,0,1,0,0,0,0,0,0,1,0,0,0
1058,1058,-1.923118472,4.731354237,0,0,0,1,0,0,0,0,0,0,0,1,0,0,0,0,0,0,0
370,370,-1.887377381,1.48799181,0,0,1,0,0,0,0,0,0,0,0,1,0,0,0,0,0,0,0
1126,1126,-2.015262604,2.388988733,0,0,0,1,0,0,0,0,0,0,0,0,0,0,1,0,0,0,0
122,122,-1.131360531,2.218177795,0,0,1,0,0,0,0,0,0,0,0,0,0,0,0,0,0,1,0
639,639,-1.295515656,4.765559196,1,0,1,0,0,0,0,0,0,0,0,1,0,0,0,0,0,0,0
1153,1153,-2.634849072,2.545812368,0,0,1,0,0,0,0,0,0,0,0,1,0,0,0,0,0,0,0
595,595,1.397944331,2.039726496,4,1,0,1,0,0,0,0,0,0,0,1,0,0,0,0,0,0,0
322,322,3.894219398,-3.102199793,0,0,1,0,0,0,0,0,0,0,0,1,0,0,0,0,0,0,0
1171,1171,-1.916192889,-1.714363098,4,1,0,1,0,0,0,0,0,0,0,1,0,0,0,0,0,0,0
531,531,-0.851693094,-1.038307309,0,0,1,0,0,0,0,0,0,0,0,1,0,0,0,0,0,0,0
1185,1185,0.169108763,0.838372111,0,0,0,0,0,0,0,0,1,0,0,0,0,1,0,0,0,0,0
582,582,-2.347286224,0.891969025,0,0,1,0,0,0,0,0,0,0,0,1,0,0,0,0,0,0,0
27,27,1.533630252,-2.042865515,2,0,0,1,0,0,0,0,0,0,0,1,0,0,0,0,0,0,0
658,658,3.388395786,-4.63791275,0,0,1,0,0,0,0,0,0,0,0,1,0,0,0,0,0,0,0
1183,1183,-1.281861901,0.460174024,4,1,0,0,0,0,1,0,0,0,0,0,0,1,0,0,0,0,0
408,408,-2.662421227,-0.147290617,4,1,0,1,0,0,0,0,0,0,0,0,0,0,0,0,0,1,0
337,337,0.604683936,-0.105824977,1,0,1,0,0,0,0,0,0,0,0,0,0,0,0,0,0,1,0
318,318,-2.909144402,1.442528367,4,1,0,0,0,0,0,1,0,0,0,1,0,0,0,0,0,0,0
1036,1036,0.463162184,0.913835526,3,0,0,1,0,0,0,0,0,0,0,1,0,0,0,0,0,0,0
518,518,4.123390675,-3.30437851,2,0,0,1,0,0,0,0,0,0,0,0,1,0,0,0,0,0,0
659,659,-2.008808851,0.934385478,0,0,0,1,0,0,0,0,0,0,0,1,0,0,0,0,0,0,0
809,809,-2.163589239,2.956165314,2,0,0,1,0,0,0,0,0,0,0,0,1,0,0,0,0,0,0
129,129,2.829543591,-3.152589321,3,1,0,1,0,0,0,0,0,0,0,0,0,1,0,0,0,0,0
472,472,2.18270874,-1.78921783,3,0,0,1,0,0,0,0,0,0,0,1,0,0,0,0,0,0,0
202,202,-6.336024761,5.341856956,4,1,0,1,0,0,0,0,0,0,0,0,0,1,0,0,0,0,0
150,150,-0.514511883,1.645218611,0,0,1,0,0,0,0,0,0,0,0,0,0,0,1,0,0,0,0
214,214,-0.240003422,0.166126519,0,0,0,1,0,0,0,0,0,0,0,0,0,0,0,0,1,0,0
153,153,3.550813437,-1.557439446,0,0,0,1,0,0,0,0,0,0,0,0,0,0,1,0,0,0,0
664,664,1.712505937,-1.06529355,0,0,0,1,0,0,0,0,0,0,0,1,0,0,0,0,0,0,0
224,224,-3.232297659,4.165556908,0,0,1,0,0,0,0,0,0,0,0,1,0,0,0,0,0,0,0
914,914,1.046192527,0.640890718,0,0,0,1,0,0,0,0,0,0,0,1,0,0,0,0,0,0,0
302,302,2.962711573,-1.068437219,2,0,1,0,0,0,0,0,0,0,0,0,0,0,0,0,0,0,1
112,112,-3.91724968,4.265964508,0,0,1,0,0,0,0,0,0,0,0,1,0,0,0,0,0,0,0
967,967,2.898421526,-1.210489154,3,0,0,1,0,0,0,0,0,0,0,1,0,0,0,0,0,0,0
162,162,-2.605306864,2.375668287,0,0,0,1,0,0,0,0,0,0,0,0,0,0,0,0,1,0,0
1186,1186,2.439526081,0.233927459,4,1,0,0,0,0,0,0,1,0,0,0,0,1,0,0,0,0,0
768,768,-4.009110928,4.458354473,2,1,0,1,0,0,0,0,0,0,0,0,1,0,0,0,0,0,0
1213,1213,2.649698973,-2.893974781,1,0,0,0,0,0,0,0,1,0,0,0,0,0,1,0,0,0,0
52,52,-1.76711452,1.115490675,0,0,1,0,0,0,0,0,0,0,0,1,0,0,0,0,0,0,0
930,930,-1.2417624,0.782297909,3,0,0,1,0,0,0,0,0,0,0,1,0,0,0,0,0,0,0
503,503,-2.192628145,1.917629838,4,1,0,1,0,0,0,0,0,0,0,0,0,1,0,0,0,0,0
892,892,2.613936186,-3.138387918,1,0,0,1,0,0,0,0,0,0,0,1,0,0,0,0,0,0,0
552,552,-1.753856659,1.510566235,0,0,1,0,0,0,0,0,0,0,0,1,0,0,0,0,0,0,0
7,7,-1.765740395,0.9779405,0,0,0,1,0,0,0,0,0,0,0,1,0,0,0,0,0,0,0
850,850,0.921711743,0.175196826,0,0,0,1,0,0,0,0,0,0,0,1,0,0,0,0,0,0,0
489,489,-2.643541336,2.429967165,0,0,0,1,0,0,0,0,0,0,0,1,0,0,0,0,0,0,0
831,831,-0.949391186,1.430354357,3,1,0,1,0,0,0,0,0,0,0,0,0,0,1,0,0,0,0
1193,1193,-3.931796074,3.064967155,0,0,0,1,0,0,0,0,0,0,0,0,0,0,0,0,0,1,0
2,2,3.237119675,-3.037528515,4,1,0,1,0,0,0,0,0,0,0,0,0,0,0,0,0,1,0
124,124,2.024944782,-1.699396491,0,0,1,0,0,0,0,0,0,0,0,0,0,0,0,0,0,1,0
961,961,-2.060417652,2.852210522,4,1,0,1,0,0,0,0,0,0,0,0,0,0,0,0,0,1,0
118,118,1.805149317,1.524436355,0,0,0,1,0,0,0,0,0,0,0,1,0,0,0,0,0,0,0
895,895,-2.599991798,1.524166584,4,1,0,1,0,0,0,0,0,0,0,0,0,0,0,0,0,1,0
283,283,-3.547201157,3.455881119,0,0,0,1,0,0,0,0,0,0,0,0,0,0,0,0,0,1,0
229,229,-1.811993718,1.287901759,4,1,0,1,0,0,0,0,0,0,0,0,0,0,0,0,0,1,0
301,301,-2.653364182,4.564037323,3,1,0,1,0,0,0,0,0,0,0,0,0,0,0,0,0,0,1
863,863,-4.055245399,7.481020451,1,0,0,1,0,0,0,0,0,0,0,0,1,0,0,0,0,0,0
990,990,6.034127712,-4.50581789,4,0,0,0,0,0,0,0,1,0,0,1,0,0,0,0,0,0,0
385,385,1.637053847,1.521848321,0,0,0,1,0,0,0,0,0,0,0,1,0,0,0,0,0,0,0
588,588,-2.297394753,2.057093859,3,1,0,0,0,0,0,0,1,0,0,1,0,0,0,0,0,0,0
288,288,0.286090106,0.775852084,1,0,1,0,0,0,0,0,0,0,0,1,0,0,0,0,0,0,0
999,999,-1.848546147,4.462149143,1,0,0,1,0,0,0,0,0,0,0,0,0,1,0,0,0,0,0
915,915,0.294324487,-1.28896904,0,0,0,1,0,0,0,0,0,0,0,1,0,0,0,0,0,0,0
1097,1097,-3.916711807,3.591228962,0,0,0,1,0,0,0,0,0,0,0,1,0,0,0,0,0,0,0
1132,1132,-1.542170167,1.091417909,4,1,1,0,0,0,0,0,0,0,0,1,0,0,0,0,0,0,0
179,179,-5.156674385,2.311984062,4,1,0,0,0,0,0,0,1,0,0,0,0,0,0,0,0,1,0
772,772,-0.160265222,1.425098658,1,0,1,0,0,0,0,0,0,0,0,1,0,0,0,0,0,0,0
975,975,-1.455830455,1.084147692,2,0,0,0,0,0,0,0,1,0,0,0,0,0,1,0,0,0,0
854,854,4.665626526,-1.487959385,4,1,0,1,0,0,0,0,0,0,0,0,0,0,1,0,0,0,0
356,356,1.01091969,-2.348225355,2,1,0,1,0,0,0,0,0,0,0,0,0,0,1,0,0,0,0
496,496,-1.38100481,0.373593301,0,0,0,0,0,0,0,0,1,0,0,1,0,0,0,0,0,0,0
909,909,2.308644056,-1.99556756,4,1,0,0,0,0,0,0,1,0,0,0,0,0,0,0,0,1,0
436,436,-2.335587978,1.35255754,0,0,0,1,0,0,0,0,0,0,0,1,0,0,0,0,0,0,0
406,406,-2.0949893,4.016734123,4,1,0,1,0,0,0,0,0,0,0,1,0,0,0,0,0,0,0
992,992,-0.054058645,0.396537602,3,0,0,0,0,0,0,0,1,0,0,0,0,0,0,0,1,0,0
346,346,-4.501104355,5.519180298,1,0,0,1,0,0,0,0,0,0,0,1,0,0,0,0,0,0,0
561,561,-3.620271206,3.573869228,1,0,0,1,0,0,0,0,0,0,0,0,0,0,1,0,0,0,0
403,403,-2.047988176,2.3841362,3,1,0,1,0,0,0,0,0,0,0,0,0,1,0,0,0,0,0
395,395,0.157379255,1.200364947,1,1,0,1,0,0,0,0,0,0,0,0,0,0,1,0,0,0,0
897,897,-3.016434669,3.566379309,0,0,0,1,0,0,0,0,0,0,0,0,0,0,0,0,0,1,0
475,475,-2.392144918,2.291724443,2,0,0,1,0,0,0,0,0,0,0,1,0,0,0,0,0,0,0
97,97,2.078066349,0.28498888,3,1,1,0,0,0,0,0,0,0,0,0,0,0,0,0,0,1,0
983,983,3.255449772,1.172968626,0,0,0,1,0,0,0,0,0,0,0,1,0,0,0,0,0,0,0
562,562,-3.511778831,3.02478981,3,1,0,1,0,0,0,0,0,0,0,0,0,0,1,0,0,0,0
181,181,-1.839617372,1.0837152,0,0,1,0,0,0,0,0,0,0,0,0,0,0,0,0,0,1,0
500,500,0.606408596,-0.800241292,1,0,0,1,0,0,0,0,0,0,0,1,0,0,0,0,0,0,0
686,686,-4.837061405,6.129518986,3,0,0,0,0,0,0,0,1,0,0,0,0,0,0,0,1,0,0
1110,1110,-0.574773192,-0.640634239,4,1,0,0,0,1,0,0,0,0,0,0,0,0,1,0,0,0,0
669,669,-4.238254547,4.169288635,3,0,0,0,0,0,0,0,1,0,0,1,0,0,0,0,0,0,0
110,110,-1.167807698,2.05044961,1,0,1,0,0,0,0,0,0,0,0,1,0,0,0,0,0,0,0
709,709,2.249809742,0.119429946,4,0,0,0,0,1,0,0,0,0,0,0,1,0,0,0,0,0,0
681,681,-5.297385216,4.120028019,3,1,0,0,0,0,0,0,1,0,0,0,0,0,1,0,0,0,0
335,335,-6.53999567,4.809867382,2,1,0,1,0,0,0,0,0,0,0,0,0,0,0,0,0,1,0
189,189,2.574604988,1.080976248,0,0,0,1,0,0,0,0,0,0,0,0,0,0,1,0,0,0,0
279,279,-3.912365437,5.332820415,4,1,0,1,0,0,0,0,0,0,0,0,0,0,0,0,0,1,0
773,773,-4.977292538,5.330904961,1,0,1,0,0,0,0,0,0,0,0,1,0,0,0,0,0,0,0
957,957,-5.925617218,5.843978405,4,1,0,0,0,1,0,0,0,0,0,0,0,0,0,0,0,1,0
519,519,-1.236183047,3.139456987,0,0,0,1,0,0,0,0,0,0,0,1,0,0,0,0,0,0,0
48,48,-1.682878971,1.626142502,3,1,0,0,0,0,0,0,0,0,1,1,0,0,0,0,0,0,0
72,72,-4.742886066,5.127353668,1,0,0,0,0,0,0,0,1,0,0,0,0,0,1,0,0,0,0
21,21,-2.818840027,-0.987529457,0,0,0,1,0,0,0,0,0,0,0,1,0,0,0,0,0,0,0
16,16,-4.116253853,3.293859959,0,0,1,0,0,0,0,0,0,0,0,1,0,0,0,0,0,0,0
146,146,3.293979883,-1.134014606,0,0,0,1,0,0,0,0,0,0,0,0,0,0,1,0,0,0,0
273,273,-2.774940252,3.972535133,3,0,0,1,0,0,0,0,0,0,0,0,0,0,0,0,0,1,0
334,334,-4.562311172,3.866486073,1,1,0,1,0,0,0,0,0,0,0,0,0,0,0,0,0,1,0
1050,1050,0.882618666,0.950022161,0,0,0,1,0,0,0,0,0,0,0,1,0,0,0,0,0,0,0
532,532,1.902634263,-0.837311447,2,0,0,0,0,1,0,0,0,0,0,1,0,0,0,0,0,0,0
483,483,1.654214859,-1.802314043,4,1,0,0,0,0,0,0,1,0,0,0,0,0,0,0,1,0,0
1105,1105,-1.03361237,-0.50234592,4,0,0,1,0,0,0,0,0,0,0,0,0,0,1,0,0,0,0
160,160,-1.007322192,1.089212894,4,1,0,1,0,0,0,0,0,0,0,0,0,0,0,0,0,1,0
263,263,0.378660768,0.224649474,3,0,0,0,0,0,0,0,1,0,0,1,0,0,0,0,0,0,0
53,53,-1.802266955,0.398646384,0,0,1,0,0,0,0,0,0,0,0,1,0,0,0,0,0,0,0
868,868,0.875948608,2.368435383,4,1,0,1,0,0,0,0,0,0,0,1,0,0,0,0,0,0,0
610,610,-6.230568886,6.281283855,3,1,0,0,0,0,0,0,1,0,0,0,0,1,0,0,0,0,0
538,538,-1.105130792,0.494899869,3,1,1,0,0,0,0,0,0,0,0,1,0,0,0,0,0,0,0
73,73,-2.791538239,3.608599901,4,1,0,0,0,0,0,0,1,0,0,0,1,0,0,0,0,0,0
205,205,0.618542016,-0.764931083,1,0,0,1,0,0,0,0,0,0,0,0,0,0,1,0,0,0,0
570,570,-2.963198185,3.172588348,3,1,0,1,0,0,0,0,0,0,0,0,0,0,1,0,0,0,0
1194,1194,1.587355137,-2.271513462,2,0,0,0,0,0,0,0,1,0,0,1,0,0,0,0,0,0,0
1,1,-1.410241246,0.708828032,2,0,0,1,0,0,0,0,0,0,0,0,0,0,0,0,0,1,0
152,152,0.040142734,0.432770252,0,0,1,0,0,0,0,0,0,0,0,0,0,0,1,0,0,0,0
811,811,-1.17971766,0.58260119,3,0,0,0,0,0,0,0,1,0,0,0,0,0,0,0,1,0,0
262,262,-2.322628021,2.364793062,0,0,0,1,0,0,0,0,0,0,0,1,0,0,0,0,0,0,0
965,965,-2.425638676,3.422038794,2,0,0,1,0,0,0,0,0,0,0,0,0,0,1,0,0,0,0
885,885,1.079343677,-0.0244323,0,0,0,1,0,0,0,0,0,0,0,1,0,0,0,0,0,0,0
734,734,-1.313860178,-0.794384062,1,0,0,1,0,0,0,0,0,0,0,1,0,0,0,0,0,0,0
388,388,-1.357999802,2.116651535,2,1,0,1,0,0,0,0,0,0,0,0,0,0,0,0,0,1,0
250,250,-3.738483429,3.724561691,3,1,0,1,0,0,0,0,0,0,0,0,0,0,0,0,1,0,0
725,725,-0.69927758,1.060100675,1,1,0,1,0,0,0,0,0,0,0,1,0,0,0,0,0,0,0
105,105,1.256071091,2.3776896,2,1,0,0,0,0,0,0,1,0,0,1,0,0,0,0,0,0,0
407,407,-1.152741909,3.145073414,2,0,0,1,0,0,0,0,0,0,0,0,0,0,0,0,1,0,0
1014,1014,-2.832867861,3.284806728,4,1,0,0,0,0,0,0,1,0,0,1,0,0,0,0,0,0,0
13,13,-1.67698729,3.390382528,0,0,1,0,0,0,0,0,0,0,0,0,0,0,1,0,0,0,0
944,944,-2.180176973,4.517949104,0,0,0,1,0,0,0,0,0,0,0,1,0,0,0,0,0,0,0
470,470,-3.411784649,3.622051239,0,0,0,1,0,0,0,0,0,0,0,1,0,0,0,0,0,0,0
223,223,-1.523052692,0.850901306,0,0,1,0,0,0,0,0,0,0,0,1,0,0,0,0,0,0,0
41,41,-8.189234734,7.828537941,4,1,0,0,0,0,0,0,1,0,0,0,0,0,0,1,0,0,0
506,506,1.033141971,-0.211414844,0,0,1,0,0,0,0,0,0,0,0,1,0,0,0,0,0,0,0
293,293,-1.402133226,-1.018951893,4,1,0,1,0,0,0,0,0,0,0,0,1,0,0,0,0,0,0
638,638,-1.751557946,4.325985909,4,1,0,0,0,0,0,0,1,0,0,0,0,0,0,0,1,0,0
779,779,-0.439373642,2.155512094,0,0,0,1,0,0,0,0,0,0,0,1,0,0,0,0,0,0,0
637,637,-1.485175252,2.753143072,4,1,0,0,0,0,0,0,1,0,0,0,0,0,1,0,0,0,0
747,747,-2.462732315,4.546260834,0,0,0,1,0,0,0,0,0,0,0,1,0,0,0,0,0,0,0
416,416,4.358522892,0.977931082,1,0,0,1,0,0,0,0,0,0,0,1,0,0,0,0,0,0,0
213,213,-1.468054652,2.168720484,3,0,0,0,0,1,0,0,0,0,0,0,0,0,0,0,1,0,0
1087,1087,-0.334800214,2.226652384,4,1,0,0,0,0,0,0,1,0,0,1,0,0,0,0,0,0,0
466,466,1.064831495,2.275048256,0,0,0,1,0,0,0,0,0,0,0,1,0,0,0,0,0,0,0
455,455,2.952109814,-0.209366024,4,0,0,0,0,0,0,0,1,0,0,1,0,0,0,0,0,0,0
1120,1120,-1.146540999,-0.193696678,1,0,1,0,0,0,0,0,0,0,0,1,0,0,0,0,0,0,0
190,190,2.13513875,1.421284437,3,1,0,0,0,0,0,0,1,0,0,0,1,0,0,0,0,0,0
682,682,-0.660455287,-0.621406674,0,0,0,1,0,0,0,0,0,0,0,1,0,0,0,0,0,0,0
994,994,-0.729982793,0.458332002,1,0,1,0,0,0,0,0,0,0,0,1,0,0,0,0,0,0,0
357,357,1.813334942,1.995966196,2,1,0,1,0,0,0,0,0,0,0,0,0,0,1,0,0,0,0
566,566,-4.78856039,1.836385369,0,0,1,0,0,0,0,0,0,0,0,1,0,0,0,0,0,0,0
1052,1052,-4.059549332,4.448281765,3,1,0,1,0,0,0,0,0,0,0,1,0,0,0,0,0,0,0
648,648,-0.745104074,0.435814887,0,0,0,1,0,0,0,0,0,0,0,0,0,0,1,0,0,0,0
1167,1167,2.899844646,-4.698408604,0,0,1,0,0,0,0,0,0,0,0,1,0,0,0,0,0,0,0
106,106,-1.698043227,4.038309097,2,1,0,0,0,0,0,0,1,0,0,0,0,1,0,0,0,0,0
387,387,0.097930029,-0.906871021,2,1,0,1,0,0,0,0,0,0,0,0,0,0,0,0,0,1,0
730,730,-2.231327295,3.701009989,3,1,0,1,0,0,0,0,0,0,0,1,0,0,0,0,0,0,0
142,142,-3.299751759,2.642766714,0,0,1,0,0,0,0,0,0,0,0,1,0,0,0,0,0,0,0
557,557,-3.006291628,1.687273622,3,1,1,0,0,0,0,0,0,0,0,0,0,0,0,1,0,0,0
62,62,0.885833859,-0.593216717,0,0,1,0,0,0,0,0,0,0,0,1,0,0,0,0,0,0,0
947,947,-2.254261971,2.243777275,2,0,0,0,0,0,0,0,1,0,0,0,0,0,0,1,0,0,0
215,215,2.583423138,-2.11200738,0,0,0,1,0,0,0,0,0,0,0,0,0,0,0,0,1,0,0
429,429,-2.361412287,3.955714226,3,0,1,0,0,0,0,0,0,0,0,0,0,0,0,0,0,1,0
261,261,-1.281464577,1.625371218,2,0,0,1,0,0,0,0,0,0,0,1,0,0,0,0,0,0,0
1040,1040,-0.548978448,1.248028755,0,0,0,1,0,0,0,0,0,0,0,1,0,0,0,0,0,0,0
254,254,-2.445543051,1.661781311,0,0,0,1,0,0,0,0,0,0,0,1,0,0,0,0,0,0,0
108,108,2.283397675,-1.494802237,2,1,1,0,0,0,0,0,0,0,0,1,0,0,0,0,0,0,0
1075,1075,-2.445840359,5.748318195,2,0,0,1,0,0,0,0,0,0,0,1,0,0,0,0,0,0,0
509,509,0.648078442,4.14988327,0,0,0,0,0,0,0,0,1,0,0,1,0,0,0,0,0,0,0
1023,1023,-2.502892017,2.532124043,4,1,0,1,0,0,0,0,0,0,0,1,0,0,0,0,0,0,0
1028,1028,-5.7847929,6.028437138,2,1,0,1,0,0,0,0,0,0,0,0,0,0,1,0,0,0,0
1166,1166,-6.516168118,8.298482895,3,1,0,0,0,0,0,0,1,0,0,0,0,0,1,0,0,0,0
1200,1200,-0.166055873,1.071612716,0,0,0,1,0,0,0,0,0,0,0,1,0,0,0,0,0,0,0
491,491,-3.707944393,6.548974037,2,0,0,1,0,0,0,0,0,0,0,0,0,0,1,0,0,0,0
207,207,3.305321217,-2.231044054,1,0,0,1,0,0,0,0,0,0,0,0,0,0,0,0,1,0,0
550,550,-3.523399591,2.069848776,0,0,1,0,0,0,0,0,0,0,0,1,0,0,0,0,0,0,0
1086,1086,-2.880962372,4.285367012,0,0,0,1,0,0,0,0,0,0,0,1,0,0,0,0,0,0,0
572,572,2.173499107,0.989306569,1,0,0,1,0,0,0,0,0,0,0,1,0,0,0,0,0,0,0
662,662,1.247683048,-1.618381143,4,1,0,0,0,0,0,0,1,0,0,0,0,1,0,0,0,0,0
520,520,0.727523267,2.759749651,0,0,0,1,0,0,0,0,0,0,0,1,0,0,0,0,0,0,0
956,956,-4.974543571,5.856728077,4,1,0,1,0,0,0,0,0,0,0,0,0,1,0,0,0,0,0
241,241,-3.016270399,3.991228342,4,1,0,1,0,0,0,0,0,0,0,0,0,0,0,0,1,0,0
492,492,-2.492661953,-0.49304086,3,1,0,1,0,0,0,0,0,0,0,0,0,0,1,0,0,0,0
817,817,-3.166456461,2.484364748,2,0,0,1,0,0,0,0,0,0,0,0,0,0,0,0,1,0,0
1180,1180,1.121649623,-0.834144473,3,1,0,1,0,0,0,0,0,0,0,1,0,0,0,0,0,0,0
929,929,5.10199213,-6.686581612,0,0,0,1,0,0,0,0,0,0,0,1,0,0,0,0,0,0,0
946,946,-1.321265817,1.894177198,0,0,0,0,0,0,0,0,1,0,0,0,0,0,0,1,0,0,0
699,699,0.188070968,1.59089601,0,0,0,1,0,0,0,0,0,0,0,1,0,0,0,0,0,0,0
813,813,-0.028976243,0.088102356,1,0,0,1,0,0,0,0,0,0,0,0,0,1,0,0,0,0,0
71,71,-3.852372646,0.446525604,0,0,0,1,0,0,0,0,0,0,0,1,0,0,0,0,0,0,0
954,954,-5.291781425,4.626598835,3,0,0,1,0,0,0,0,0,0,0,0,0,1,0,0,0,0,0
727,727,-2.225629091,4.393758774,0,0,0,1,0,0,0,0,0,0,0,1,0,0,0,0,0,0,0
674,674,-5.030245304,4.608041763,3,0,0,0,0,0,0,0,1,0,0,0,0,1,0,0,0,0,0
390,390,3.314199686,-1.704509735,1,1,0,1,0,0,0,0,0,0,0,0,0,0,0,0,0,1,0
1143,1143,-0.675011575,0.062697351,0,0,0,1,0,0,0,0,0,0,0,1,0,0,0,0,0,0,0
940,940,-0.705767095,1.397544265,0,0,1,0,0,0,0,0,0,0,0,0,0,0,1,0,0,0,0
748,748,-1.967862368,0.086382747,0,0,0,1,0,0,0,0,0,0,0,1,0,0,0,0,0,0,0
353,353,-4.484585762,4.187493801,0,0,1,0,0,0,0,0,0,0,0,1,0,0,0,0,0,0,0
1096,1096,-0.599735558,4.088931561,0,0,1,0,0,0,0,0,0,0,0,1,0,0,0,0,0,0,0
1176,1176,0.893579364,-0.468363851,0,0,1,0,0,0,0,0,0,0,0,1,0,0,0,0,0,0,0
1184,1184,2.71374464,-2.023334742,2,0,0,0,0,0,1,0,0,0,0,0,0,1,0,0,0,0,0
1025,1025,4.113305092,-0.041293379,1,0,0,1,0,0,0,0,0,0,0,0,0,0,1,0,0,0,0
621,621,-0.237659261,3.392988443,0,0,1,0,0,0,0,0,0,0,0,1,0,0,0,0,0,0,0
397,397,-2.159925938,3.935166359,3,1,0,1,0,0,0,0,0,0,0,0,1,0,0,0,0,0,0
476,476,-0.742635131,1.108401299,0,0,0,1,0,0,0,0,0,0,0,1,0,0,0,0,0,0,0
177,177,-4.653146267,1.649873614,0,0,1,0,0,0,0,0,0,0,0,1,0,0,0,0,0,0,0
899,899,-2.985799313,3.224874973,2,1,0,1,0,0,0,0,0,0,0,1,0,0,0,0,0,0,0
798,798,0.42585361,-0.412584215,0,0,0,1,0,0,0,0,0,0,0,1,0,0,0,0,0,0,0
14,14,-1.833837509,4.552308559,2,0,1,0,0,0,0,0,0,0,0,0,0,0,0,0,1,0,0
469,469,-2.595812798,3.337226391,2,0,0,1,0,0,0,0,0,0,0,0,0,1,0,0,0,0,0
695,695,2.175748348,-3.660329103,0,0,0,1,0,0,0,0,0,0,0,1,0,0,0,0,0,0,0
305,305,-0.5746032,-0.350936592,3,0,0,1,0,0,0,0,0,0,0,1,0,0,0,0,0,0,0
111,111,-5.049674988,2.998812675,1,0,1,0,0,0,0,0,0,0,0,1,0,0,0,0,0,0,0
758,758,-1.553199768,3.508076191,0,0,0,1,0,0,0,0,0,0,0,1,0,0,0,0,0,0,0
245,245,3.473474264,-1.362493277,3,0,1,0,0,0,0,0,0,0,0,1,0,0,0,0,0,0,0
966,966,0.077856347,-0.784113228,2,0,0,0,0,0,0,0,1,0,0,1,0,0,0,0,0,0,0
414,414,3.319745541,0.348578125,0,0,0,1,0,0,0,0,0,0,0,1,0,0,0,0,0,0,0
499,499,-1.530466557,2.45383811,1,0,0,1,0,0,0,0,0,0,0,1,0,0,0,0,0,0,0
481,481,-3.041797638,0.914453447,3,0,0,1,0,0,0,0,0,0,0,0,0,0,0,0,1,0,0
776,776,-4.054769039,5.456001282,2,1,0,1,0,0,0,0,0,0,0,1,0,0,0,0,0,0,0
928,928,-0.80918324,0.499117374,2,0,0,1,0,0,0,0,0,0,0,0,0,0,0,0,0,1,0
114,114,0.228065491,2.16767621,1,0,0,1,0,0,0,0,0,0,0,1,0,0,0,0,0,0,0
148,148,3.287040472,-2.367817163,0,0,1,0,0,0,0,0,0,0,0,1,0,0,0,0,0,0,0
1117,1117,-3.063022614,4.737586498,0,0,0,1,0,0,0,0,0,0,0,1,0,0,0,0,0,0,0
154,154,3.819817305,-2.970849037,0,0,0,1,0,0,0,0,0,0,0,0,0,0,1,0,0,0,0
769,769,-3.710930347,4.634930611,2,0,1,0,0,0,0,0,0,0,0,0,0,0,0,0,0,1,0
719,719,-2.745707035,1.707654834,4,0,0,0,0,0,0,0,1,0,0,0,1,0,0,0,0,0,0
40,40,-2.760835886,1.935931683,0,0,1,0,0,0,0,0,0,0,0,0,0,0,0,0,1,0,0
824,824,10.05908394,-7.272772789,0,0,0,1,0,0,0,0,0,0,0,1,0,0,0,0,0,0,0
972,972,-0.53659004,1.506051421,3,0,0,0,0,0,0,0,1,0,0,0,0,0,1,0,0,0,0
1141,1141,-1.317978024,1.180204988,0,0,0,1,0,0,0,0,0,0,0,1,0,0,0,0,0,0,0
951,951,0.372497737,2.534265041,1,0,0,1,0,0,0,0,0,0,0,1,0,0,0,0,0,0,0
1030,1030,-2.630529642,2.694574594,0,0,0,1,0,0,0,0,0,0,0,0,0,0,1,0,0,0,0
600,600,6.234669685,-5.765595436,0,0,1,0,0,0,0,0,0,0,0,1,0,0,0,0,0,0,0
46,46,0.121926814,0.021686317,2,0,0,0,0,0,0,0,0,0,1,1,0,0,0,0,0,0,0
331,331,3.299683332,-0.760848284,3,0,0,1,0,0,0,0,0,0,0,0,0,0,0,0,0,1,0
649,649,-6.61383009,7.177258968,1,0,0,1,0,0,0,0,0,0,0,0,0,0,1,0,0,0,0
282,282,-2.140083075,2.837924957,4,1,0,0,0,0,0,0,1,0,0,0,0,0,0,0,0,1,0
932,932,-0.037761547,1.133807659,3,1,0,1,0,0,0,0,0,0,0,0,0,0,0,0,1,0,0
217,217,-3.741366148,3.017110348,3,1,0,1,0,0,0,0,0,0,0,0,0,0,0,0,1,0,0
139,139,-1.28364265,-0.716289282,1,0,0,1,0,0,0,0,0,0,0,0,0,0,1,0,0,0,0
580,580,2.910195589,-1.682648897,0,0,1,0,0,0,0,0,0,0,0,1,0,0,0,0,0,0,0
706,706,1.603769422,0.466829032,2,1,0,0,0,0,0,0,0,1,0,0,0,0,0,0,0,1,0
127,127,0.294596881,0.176747471,2,1,0,1,0,0,0,0,0,0,0,1,0,0,0,0,0,0,0
612,612,-6.370060444,6.684138298,4,0,0,0,0,0,0,0,1,0,0,0,0,1,0,0,0,0,0
632,632,-4.254683018,5.814555645,2,0,0,0,0,0,0,0,1,0,0,0,1,0,0,0,0,0,0
1093,1093,-1.946443439,-1.489595175,3,0,0,1,0,0,0,0,0,0,0,1,0,0,0,0,0,0,0
1104,1104,-0.364664465,0.204364359,0,0,0,1,0,0,0,0,0,0,0,0,0,0,1,0,0,0,0
821,821,-3.294443369,3.366755962,2,1,0,1,0,0,0,0,0,0,0,0,0,0,0,1,0,0,0
12,12,-6.155538082,7.044130325,3,0,0,1,0,0,0,0,0,0,0,0,0,0,0,0,1,0,0
1160,1160,0.877456903,-2.544879198,0,0,0,1,0,0,0,0,0,0,0,1,0,0,0,0,0,0,0
812,812,1.195680976,-4.067201614,3,0,0,1,0,0,0,0,0,0,0,0,0,0,0,0,1,0,0
1029,1029,-4.438519478,2.907694578,4,1,0,1,0,0,0,0,0,0,0,0,0,0,1,0,0,0,0
268,268,-5.144890785,4.985590935,1,0,0,1,0,0,0,0,0,0,0,0,0,0,0,0,1,0,0
480,480,-3.89381218,2.6343925,4,1,0,1,0,0,0,0,0,0,0,0,0,0,0,0,1,0,0
393,393,-5.156233311,7.252716064,1,0,0,1,0,0,0,0,0,0,0,0,0,0,0,0,0,1,0
512,512,4.735524654,-0.486236334,3,1,0,1,0,0,0,0,0,0,0,1,0,0,0,0,0,0,0
891,891,1.39434731,-1.306154728,0,0,0,1,0,0,0,0,0,0,0,1,0,0,0,0,0,0,0
741,741,-2.596007347,2.078429937,3,1,0,1,0,0,0,0,0,0,0,1,0,0,0,0,0,0,0
516,516,2.172196865,-2.073527098,3,1,0,1,0,0,0,0,0,0,0,0,0,0,1,0,0,0,0
402,402,-6.015672207,5.103314877,2,0,0,1,0,0,0,0,0,0,0,0,0,1,0,0,0,0,0
731,731,-1.930378318,3.056538582,0,0,0,1,0,0,0,0,0,0,0,1,0,0,0,0,0,0,0
232,232,-0.705420494,0.400669783,0,0,1,0,0,0,0,0,0,0,0,0,0,0,0,0,1,0,0
441,441,0.178530499,0.811520457,2,0,0,1,0,0,0,0,0,0,0,0,0,0,0,1,0,0,0
783,783,-2.147686005,2.235607862,0,0,0,1,0,0,0,0,0,0,0,1,0,0,0,0,0,0,0
678,678,2.672407389,1.770508766,0,0,0,1,0,0,0,0,0,0,0,1,0,0,0,0,0,0,0
159,159,-2.597487926,1.225618362,1,0,1,0,0,0,0,0,0,0,0,1,0,0,0,0,0,0,0
853,853,-5.100241661,5.855643272,1,0,0,1,0,0,0,0,0,0,0,0,0,0,1,0,0,0,0
502,502,1.264737725,0.66038233,3,1,0,1,0,0,0,0,0,0,0,0,0,1,0,0,0,0,0
399,399,-3.807194948,0.585503161,3,1,0,1,0,0,0,0,0,0,0,0,0,0,0,0,0,1,0
913,913,-4.441504955,6.283211708,1,0,0,1,0,0,0,0,0,0,0,0,1,0,0,0,0,0,0
487,487,0.429204911,1.287678599,0,0,0,1,0,0,0,0,0,0,0,1,0,0,0,0,0,0,0
1102,1102,3.399097919,-3.773774624,3,1,0,1,0,0,0,0,0,0,0,1,0,0,0,0,0,0,0
191,191,-4.226239681,5.037751198,4,1,0,0,0,0,0,0,1,0,0,0,0,0,1,0,0,0,0
299,299,-2.930281878,2.310639858,4,1,0,0,0,1,0,0,0,0,0,0,0,0,1,0,0,0,0
197,197,-8.06317234,7.00972414,4,1,0,0,0,0,0,0,1,0,0,0,0,0,0,0,0,1,0
579,579,-4.882053375,2.679986477,0,0,1,0,0,0,0,0,0,0,0,1,0,0,0,0,0,0,0
369,369,-0.440620244,1.086761355,0,0,1,0,0,0,0,0,0,0,0,1,0,0,0,0,0,0,0
234,234,-0.477716357,1.776964903,2,0,0,0,0,0,0,0,1,0,0,0,0,1,0,0,0,0,0
257,257,2.393913984,-1.777588248,2,1,0,1,0,0,0,0,0,0,0,0,0,0,0,0,1,0,0
701,701,5.156432152,-0.749904573,4,0,0,0,0,1,0,0,0,0,0,0,1,0,0,0,0,0,0
806,806,-4.063117504,5.765130043,3,0,0,0,0,0,0,0,1,0,0,0,0,0,0,0,1,0,0
1147,1147,-3.903418303,3.880952597,2,1,0,1,0,0,0,0,0,0,0,0,0,0,0,0,0,1,0
204,204,-2.777472734,1.992921114,2,0,0,1,0,0,0,0,0,0,0,0,0,0,1,0,0,0,0
1135,1135,-0.321376503,-0.67870301,3,1,0,0,0,0,1,0,0,0,0,0,0,0,0,0,1,0,0
901,901,-3.760689974,4.55375433,0,0,0,1,0,0,0,0,0,0,0,0,0,0,0,0,0,1,0
206,206,-0.822197199,0.981200337,3,1,0,1,0,0,0,0,0,0,0,0,0,0,1,0,0,0,0
1161,1161,2.325934887,-4.047951221,0,0,1,0,0,0,0,0,0,0,0,1,0,0,0,0,0,0,0
576,576,-4.630111694,0.213475466,3,0,1,0,0,0,0,0,0,0,0,0,0,0,1,0,0,0,0
253,253,-0.561753035,1.439773798,3,1,0,1,0,0,0,0,0,0,0,1,0,0,0,0,0,0,0
69,69,1.265395284,-0.299152374,0,0,0,1,0,0,0,0,0,0,0,1,0,0,0,0,0,0,0
998,998,-1.003571391,0.958565176,0,0,0,1,0,0,0,0,0,0,0,1,0,0,0,0,0,0,0
671,671,-2.383590221,1.226606011,1,0,0,0,0,0,0,0,1,0,0,1,0,0,0,0,0,0,0
372,372,-1.007333279,1.905739069,1,1,0,1,0,0,0,0,0,0,0,1,0,0,0,0,0,0,0
28,28,-2.67314291,0.610860527,0,0,0,1,0,0,0,0,0,0,0,1,0,0,0,0,0,0,0
691,691,-3.78220439,3.902852297,0,0,0,0,0,0,0,0,1,0,0,0,0,0,0,0,0,1,0
1069,1069,-5.017838478,5.973526955,2,0,0,1,0,0,0,0,0,0,0,1,0,0,0,0,0,0,0
25,25,0.400554568,-1.520482779,3,0,0,0,0,0,0,0,1,0,0,0,0,0,0,1,0,0,0
136,136,1.626838326,0.249571025,2,0,1,0,0,0,0,0,0,0,0,0,0,1,0,0,0,0,0
616,616,-2.057406425,1.58720994,4,1,0,0,0,0,0,0,1,0,0,0,0,0,0,0,0,1,0
1031,1031,-1.867646217,5.487163544,4,1,0,1,0,0,0,0,0,0,0,0,0,0,0,0,0,1,0
802,802,-2.962010384,3.44861269,3,0,0,0,0,1,0,0,0,0,0,0,0,0,0,1,0,0,0
856,856,-1.669028878,1.220169425,2,0,0,1,0,0,0,0,0,0,0,1,0,0,0,0,0,0,0
1033,1033,0.568051934,0.232884124,4,1,0,1,0,0,0,0,0,0,0,0,0,0,1,0,0,0,0
556,556,2.408026695,-5.23987627,4,1,0,1,0,0,0,0,0,0,0,1,0,0,0,0,0,0,0
433,433,-6.698126316,4.53164959,4,1,0,1,0,0,0,0,0,0,0,0,0,0,0,0,1,0,0
835,835,-0.985003054,2.931679964,1,0,0,1,0,0,0,0,0,0,0,0,1,0,0,0,0,0,0
308,308,-0.59307301,-2.380657911,3,0,0,1,0,0,0,0,0,0,0,0,0,0,0,1,0,0,0
447,447,-1.334326267,5.318211555,0,0,0,1,0,0,0,0,0,0,0,0,0,0,1,0,0,0,0
274,274,-1.448688388,1.252283573,2,0,0,1,0,0,0,0,0,0,0,1,0,0,0,0,0,0,0
426,426,0.910256505,0.926962137,3,1,0,1,0,0,0,0,0,0,0,0,0,0,0,0,0,1,0
131,131,-0.329125315,-0.905589402,2,1,0,1,0,0,0,0,0,0,0,0,0,1,0,0,0,0,0
1192,1192,-0.535139024,-0.796359062,1,0,0,1,0,0,0,0,0,0,0,1,0,0,0,0,0,0,0
1149,1149,-1.716643214,1.753864765,2,1,0,0,0,0,1,0,0,0,0,0,0,0,0,0,0,1,0
931,931,3.161590815,-4.973566532,0,0,0,1,0,0,0,0,0,0,0,1,0,0,0,0,0,0,0
488,488,-1.053530097,-1.394213676,0,0,0,1,0,0,0,0,0,0,0,1,0,0,0,0,0,0,0
482,482,0.301491708,0.629829228,2,0,0,1,0,0,0,0,0,0,0,0,0,0,0,0,1,0,0
679,679,1.673342586,-0.325779796,3,1,0,0,0,1,0,0,0,0,0,0,0,0,1,0,0,0,0
103,103,-2.38866353,2.360216141,3,0,1,0,0,0,0,0,0,0,0,1,0,0,0,0,0,0,0
1128,1128,-0.047567587,0.29247278,2,0,1,0,0,0,0,0,0,0,0,0,0,0,1,0,0,0,0
1198,1198,-5.25111866,3.27254343,4,1,0,1,0,0,0,0,0,0,0,0,0,0,0,0,0,1,0
1070,1070,-3.136960745,3.043330431,0,0,0,1,0,0,0,0,0,0,0,1,0,0,0,0,0,0,0
1182,1182,-1.147049785,-0.149039581,0,0,0,1,0,0,0,0,0,0,0,1,0,0,0,0,0,0,0
221,221,-1.258478403,2.532612562,0,0,0,1,0,0,0,0,0,0,0,1,0,0,0,0,0,0,0
800,800,-1.649080992,2.357207537,2,0,0,0,0,1,0,0,0,0,0,0,0,1,0,0,0,0,0
675,675,-5.926010132,5.980411053,1,0,0,1,0,0,0,0,0,0,0,0,0,1,0,0,0,0,0
547,547,-1.2127074,0.879088879,3,1,0,1,0,0,0,0,0,0,0,0,0,0,1,0,0,0,0
1095,1095,-2.757415056,4.965797424,0,0,0,1,0,0,0,0,0,0,0,1,0,0,0,0,0,0,0
384,384,3.661672592,0.746895373,0,0,0,1,0,0,0,0,0,0,0,1,0,0,0,0,0,0,0
642,642,4.415057182,-0.974503219,0,0,1,0,0,0,0,0,0,0,0,1,0,0,0,0,0,0,0
846,846,2.657660484,-0.325736672,3,0,0,1,0,0,0,0,0,0,0,0,0,1,0,0,0,0,0
829,829,-2.340754032,4.61147213,3,1,0,1,0,0,0,0,0,0,0,0,0,0,1,0,0,0,0
971,971,-4.84203434,7.207471848,3,0,0,0,0,0,0,0,1,0,0,0,0,0,1,0,0,0,0
808,808,0.024985988,-0.397153199,4,1,0,1,0,0,0,0,0,0,0,0,0,1,0,0,0,0,0
680,680,0.507595956,1.990169764,0,0,0,1,0,0,0,0,0,0,0,1,0,0,0,0,0,0,0
723,723,-3.069495201,0.662975073,0,0,0,1,0,0,0,0,0,0,0,1,0,0,0,0,0,0,0
364,364,1.310168862,-2.59630847,0,0,1,0,0,0,0,0,0,0,0,1,0,0,0,0,0,0,0
89,89,-4.1737957,3.380541086,2,1,0,1,0,0,0,0,0,0,0,0,0,1,0,0,0,0,0
698,698,-3.722266436,2.14265275,4,1,0,0,0,0,1,0,0,0,0,0,0,0,0,0,1,0,0
651,651,-5.013533115,3.71597743,1,0,0,1,0,0,0,0,0,0,0,1,0,0,0,0,0,0,0
598,598,-4.331996918,5.209733486,4,0,1,0,0,0,0,0,0,0,0,1,0,0,0,0,0,0,0
603,603,3.33625865,1.325859547,0,0,1,0,0,0,0,0,0,0,0,1,0,0,0,0,0,0,0
993,993,2.0312953,-3.10458827,4,1,0,1,0,0,0,0,0,0,0,0,0,0,0,0,1,0,0
277,277,-2.514771461,1.910379291,3,1,0,1,0,0,0,0,0,0,0,0,0,0,0,0,0,1,0
729,729,-3.734698772,4.56552124,3,1,0,1,0,0,0,0,0,0,0,0,0,0,0,0,0,1,0
276,276,0.245795861,-1.105009079,3,1,0,0,0,0,0,0,1,0,0,0,0,0,0,0,0,1,0
473,473,-0.883706748,-0.526136458,1,0,0,1,0,0,0,0,0,0,0,1,0,0,0,0,0,0,0
692,692,-5.267566681,5.626169682,3,1,0,1,0,0,0,0,0,0,0,0,0,0,0,0,1,0,0
339,339,-0.157107264,-2.547517776,1,1,0,1,0,0,0,0,0,0,0,0,0,0,1,0,0,0,0
704,704,-2.739158392,1.102463603,0,0,0,1,0,0,0,0,0,0,0,1,0,0,0,0,0,0,0
1063,1063,-1.719765067,2.840427637,0,0,0,1,0,0,0,0,0,0,0,1,0,0,0,0,0,0,0
1068,1068,-0.907239377,-1.274428129,0,0,0,1,0,0,0,0,0,0,0,1,0,0,0,0,0,0,0
1026,1026,-2.994989395,2.609053612,4,1,0,1,0,0,0,0,0,0,0,0,0,0,1,0,0,0,0
1079,1079,-0.786917508,0.542374313,0,0,0,1,0,0,0,0,0,0,0,1,0,0,0,0,0,0,0
858,858,2.725534439,-3.975150585,2,1,0,1,0,0,0,0,0,0,0,0,0,0,1,0,0,0,0
66,66,-1.185344934,0.105225205,4,1,0,1,0,0,0,0,0,0,0,1,0,0,0,0,0,0,0
1155,1155,-2.044706821,1.303631663,0,0,0,1,0,0,0,0,0,0,0,1,0,0,0,0,0,0,0
791,791,-3.556902647,3.690211296,2,0,0,1,0,0,0,0,0,0,0,0,0,1,0,0,0,0,0
57,57,-2.383496046,2.680736303,0,0,0,1,0,0,0,0,0,0,0,1,0,0,0,0,0,0,0
212,212,-2.430845499,3.226078033,4,1,0,0,0,0,0,1,0,0,0,1,0,0,0,0,0,0,0
880,880,-5.858089447,4.833333015,1,0,0,1,0,0,0,0,0,0,0,0,0,0,1,0,0,0,0
765,765,2.790562153,0.491601229,3,0,0,0,0,1,0,0,0,0,0,0,0,0,1,0,0,0,0
713,713,1.301601648,2.371418238,4,0,1,0,0,0,0,0,0,0,0,0,0,0,0,0,0,1,0
1122,1122,-0.706099629,1.724435568,4,1,1,0,0,0,0,0,0,0,0,0,0,0,1,0,0,0,0
574,574,-1.095991731,2.81917119,1,0,1,0,0,0,0,0,0,0,0,1,0,0,0,0,0,0,0
495,495,0.605899096,-0.830398262,0,0,1,0,0,0,0,0,0,0,0,1,0,0,0,0,0,0,0
445,445,1.585338116,0.069478095,0,0,0,1,0,0,0,0,0,0,0,1,0,0,0,0,0,0,0
316,316,1.452965021,-2.094361067,3,1,1,0,0,0,0,0,0,0,0,1,0,0,0,0,0,0,0
577,577,-4.621321678,3.035364389,4,0,0,1,0,0,0,0,0,0,0,1,0,0,0,0,0,0,0
330,330,1.951640964,0.528663456,2,0,1,0,0,0,0,0,0,0,0,0,0,0,0,0,0,1,0
685,685,-1.108391762,1.021192312,0,0,0,1,0,0,0,0,0,0,0,1,0,0,0,0,0,0,0
641,641,0.193411186,-0.028206138,0,0,1,0,0,0,0,0,0,0,0,1,0,0,0,0,0,0,0
1170,1170,7.588173389,-1.75033164,0,0,1,0,0,0,0,0,0,0,0,1,0,0,0,0,0,0,0
459,459,-1.626130223,1.491507292,3,1,0,1,0,0,0,0,0,0,0,0,0,0,0,0,0,1,0
15,15,-4.247757912,5.162733555,4,1,1,0,0,0,0,0,0,0,0,0,0,0,0,0,1,0,0
627,627,-3.325446367,4.680469036,1,0,0,1,0,0,0,0,0,0,0,1,0,0,0,0,0,0,0
1098,1098,-4.081088066,2.859484911,2,0,0,0,0,0,0,0,1,0,0,1,0,0,0,0,0,0,0
786,786,-4.325216293,5.244313717,1,0,0,1,0,0,0,0,0,0,0,0,0,0,1,0,0,0,0
200,200,-2.095090151,2.393718481,2,0,0,1,0,0,0,0,0,0,0,1,0,0,0,0,0,0,0
740,740,-5.14871788,4.755722523,3,1,0,1,0,0,0,0,0,0,0,0,0,0,0,0,0,1,0
1008,1008,-1.713152766,2.710916758,0,0,1,0,0,0,0,0,0,0,0,0,0,1,0,0,0,0,0
760,760,3.32677269,1.336183071,0,0,0,1,0,0,0,0,0,0,0,1,0,0,0,0,0,0,0
1045,1045,-3.382688999,2.275371552,1,0,0,1,0,0,0,0,0,0,0,1,0,0,0,0,0,0,0
1164,1164,-1.646407485,4.25693512,0,0,0,0,0,0,0,0,1,0,0,0,0,0,1,0,0,0,0
604,604,-3.057021141,3.477842569,0,0,1,0,0,0,0,0,0,0,0,1,0,0,0,0,0,0,0
511,511,-1.487628102,0.446970433,0,0,0,0,0,0,0,0,1,0,0,1,0,0,0,0,0,0,0
222,222,-6.112363338,4.786365509,4,1,0,0,0,0,0,0,1,0,0,0,0,0,0,1,0,0,0
39,39,1.701073289,-2.204649448,0,0,0,1,0,0,0,0,0,0,0,0,0,0,0,0,1,0,0
601,601,-1.584879875,1.360661507,0,0,0,1,0,0,0,0,0,0,0,1,0,0,0,0,0,0,0
116,116,-1.188147783,2.928225994,4,1,0,1,0,0,0,0,0,0,0,0,0,0,1,0,0,0,0
794,794,-3.191616535,3.374095917,1,0,0,1,0,0,0,0,0,0,0,0,0,1,0,0,0,0,0
851,851,1.825407386,-0.333105296,1,0,0,1,0,0,0,0,0,0,0,1,0,0,0,0,0,0,0
477,477,2.79069972,0.904532373,0,0,0,1,0,0,0,0,0,0,0,1,0,0,0,0,0,0,0
764,764,2.082114935,-2.239322662,4,0,0,0,0,1,0,0,0,0,0,0,0,0,1,0,0,0,0
144,144,-2.783834219,2.960114956,2,0,1,0,0,0,0,0,0,0,0,1,0,0,0,0,0,0,0
456,456,-3.97981739,6.133106709,3,0,0,0,0,0,0,0,1,0,0,0,0,0,0,0,0,1,0
581,581,-0.289561212,0.701940835,3,0,0,1,0,0,0,0,0,0,0,1,0,0,0,0,0,0,0
980,980,-0.831306815,1.466711164,1,0,0,1,0,0,0,0,0,0,0,0,0,1,0,0,0,0,0
182,182,-2.623652458,-0.756889641,3,1,0,0,0,0,0,0,1,0,0,0,0,0,0,0,0,1,0
1197,1197,-0.555297971,-0.867563784,3,1,0,1,0,0,0,0,0,0,0,1,0,0,0,0,0,0,0
883,883,-0.091574401,0.610453427,4,1,0,1,0,0,0,0,0,0,0,0,0,0,1,0,0,0,0
185,185,1.03864789,2.026329279,1,0,1,0,0,0,0,0,0,0,0,1,0,0,0,0,0,0,0
1181,1181,1.908577561,-5.203125477,1,0,0,1,0,0,0,0,0,0,0,1,0,0,0,0,0,0,0
228,228,-3.121498585,1.91852212,0,0,0,1,0,0,0,0,0,0,0,1,0,0,0,0,0,0,0
36,36,-2.00186348,2.985276461,0,0,0,1,0,0,0,0,0,0,0,0,0,0,0,0,1,0,0
389,389,1.333070278,-1.453525662,0,0,1,0,0,0,0,0,0,0,0,0,0,0,0,0,0,1,0
1188,1188,0.841596842,1.880019546,4,1,0,1,0,0,0,0,0,0,0,0,1,0,0,0,0,0,0
771,771,-0.398054332,0.967547715,0,0,1,0,0,0,0,0,0,0,0,1,0,0,0,0,0,0,0
606,606,1.628140688,-1.470878482,0,0,0,0,0,0,0,0,1,0,0,1,0,0,0,0,0,0,0
1071,1071,-2.208896875,2.810722351,0,0,0,1,0,0,0,0,0,0,0,1,0,0,0,0,0,0,0
832,832,-1.861720562,1.217969656,2,1,0,1,0,0,0,0,0,0,0,0,0,0,1,0,0,0,0
90,90,-2.227426767,0.104447424,0,0,1,0,0,0,0,0,0,0,0,0,0,1,0,0,0,0,0
358,358,-4.544446945,4.862082958,2,1,0,1,0,0,0,0,0,0,0,1,0,0,0,0,0,0,0
927,927,-2.337624788,2.88827157,3,0,0,1,0,0,0,0,0,0,0,0,1,0,0,0,0,0,0
894,894,-4.942749977,5.129723549,0,0,0,1,0,0,0,0,0,0,0,1,0,0,0,0,0,0,0
80,80,0.125933766,-1.473831177,1,0,1,0,0,0,0,0,0,0,0,1,0,0,0,0,0,0,0
74,74,1.013620019,-0.678942144,4,1,0,0,0,0,0,0,1,0,0,0,1,0,0,0,0,0,0
630,630,-0.764010012,3.080750704,0,0,1,0,0,0,0,0,0,0,0,1,0,0,0,0,0,0,0
943,943,1.823508024,1.406190038,0,0,0,1,0,0,0,0,0,0,0,1,0,0,0,0,0,0,0
1062,1062,-1.212165475,1.264602184,2,0,0,1,0,0,0,0,0,0,0,1,0,0,0,0,0,0,0
437,437,0.782976925,-1.202961564,2,0,0,1,0,0,0,0,0,0,0,0,0,0,0,1,0,0,0
762,762,0.950460076,1.524567485,1,0,0,1,0,0,0,0,0,0,0,1,0,0,0,0,0,0,0
545,545,-3.79473567,5.13792944,3,1,0,1,0,0,0,0,0,0,0,1,0,0,0,0,0,0,0
33,33,0.119913295,-1.255700588,0,0,1,0,0,0,0,0,0,0,0,1,0,0,0,0,0,0,0
1114,1114,0.595811069,-1.989715338,0,0,0,1,0,0,0,0,0,0,0,1,0,0,0,0,0,0,0
1010,1010,-1.911576867,2.026225805,3,1,0,1,0,0,0,0,0,0,0,0,0,0,0,0,0,1,0
735,735,-1.107994318,1.876428723,2,0,0,0,0,1,0,0,0,0,0,0,0,0,0,0,0,1,0
